FID,FID_1,time,latitude,longitude,depth,mag,magType,nst,gap,dmin,rms,net,id,updated,place,horizontal,depthError,magError,magNst,locationSo,magSource,NAME,County,2019POP
0,88,2015-05-09T01:19:38.700Z,35.014000000000003,-85.179500000000004,9.900000000000000,2.580000000000000,md,23,56,0.098600000000000,0.130000000000000,se,se60100516,2019-10-10T15:18:22.700Z,"3km NW of East Brainerd, Tennessee",0.270000000000000,0.620000000000000,0.113000000000000,16,se,se,Hamilton,Hamilton County,367804.000000000000000
1,249,1985-07-12T18:20:28.720Z,35.192000000000000,-85.144999999999996,10.000000000000000,3.000000000000000,md,0,0,0.000000000000000,0.000000000000000,us,usp0002gqy,2014-11-07T00:36:51.741Z,eastern Tennessee,0.000000000000000,0.000000000000000,0.000000000000000,0,tei,tei,Hamilton,Hamilton County,367804.000000000000000
2,84,2015-07-01T09:06:46.550Z,35.102166699999998,-85.491500000000002,20.219999999999999,2.570000000000000,md,17,98,0.172400000000000,0.120000000000000,se,se60081792,2019-10-10T15:21:21.990Z,"9km S of Powells Crossroads, Tennessee",0.260000000000000,0.530000000000000,0.076000000000000,12,se,se,Marion,Marion County,28907.000000000000000
3,23,2019-05-10T22:04:09.460Z,36.077833300000002,-84.476833299999996,12.170000000000000,2.530000000000000,md,21,58,0.321400000000000,0.160000000000000,se,se60271191,2019-08-01T17:15:09.040Z,"8km NW of Coalfield, Tennessee",0.400000000000000,1.530000000000000,0.095000000000000,16,se,se,Morgan,Morgan County,21403.000000000000000
4,263,1982-09-24T21:57:49.100Z,36.009999999999998,-84.480000000000004,10.000000000000000,2.500000000000000,md,0,0,0.000000000000000,0.000000000000000,se,se601800,2016-04-14T19:17:57.670Z,"5km WSW of Coalfield, Tennessee",0.000000000000000,0.000000000000000,0.000000000000000,0,se,se,Morgan,Morgan County,21403.000000000000000
5,7,2020-02-12T17:33:03.900Z,36.429499999999997,-84.024333299999995,34.909999999999997,2.720000000000000,md,20,62,0.123600000000000,0.240000000000000,se,se60303036,2020-09-07T18:10:45.259Z,"4km ENE of Fincastle, Tennessee",0.430000000000000,0.830000000000000,0.084000000000000,14,se,se,Campbell,Campbell County,39842.000000000000000
6,9,2020-01-20T19:12:11.260Z,36.430500000000002,-84.026833300000007,34.840000000000003,3.800000000000000,mb,36,32,0.121800000000000,0.180000000000000,se,se60300191,2020-09-02T02:23:04.744Z,"3km ENE of Fincastle, Tennessee",0.270000000000000,0.370000000000000,0.000000000000000,6,se,se,Campbell,Campbell County,39842.000000000000000
7,10,2020-01-19T10:19:24.070Z,36.430833300000003,-84.028166700000000,33.890000000000001,2.750000000000000,md,21,50,0.120700000000000,0.190000000000000,se,se60300001,2020-04-19T14:56:49.821Z,"3km ENE of Fincastle, Tennessee",0.370000000000000,0.630000000000000,0.150000000000000,15,se,se,Campbell,Campbell County,39842.000000000000000
8,75,2016-01-04T11:15:20.710Z,36.505666699999999,-84.015500000000003,21.989999999999998,2.610000000000000,md,22,67,0.160800000000000,0.160000000000000,se,se60099627,2016-03-28T22:09:36.040Z,"11km NNE of Fincastle, Tennessee",0.650000000000000,1.210000000000000,0.106000000000000,12,se,se,Campbell,Campbell County,39842.000000000000000
9,173,2004-03-13T17:07:57.530Z,36.480333299999998,-84.033500000000004,8.859999999999999,2.700000000000000,md,16,132,0.345800000000000,0.150000000000000,se,se605599,2016-04-11T13:42:24.560Z,"7km N of Fincastle, Tennessee",3.200000000000000,5.100000000000000,0.098000000000000,2,se,se,Campbell,Campbell County,39842.000000000000000
10,36,2018-12-23T20:10:29.880Z,35.491166700000001,-84.148166700000004,19.010000000000002,2.770000000000000,md,28,58,0.081630000000000,0.100000000000000,se,se60222627,2019-02-23T20:22:43.040Z,"13km SE of Vonore, Tennessee",0.190000000000000,0.360000000000000,0.070000000000000,19,se,se,Monroe,Monroe County,46545.000000000000000
11,63,2017-01-22T15:10:43.930Z,35.527666699999997,-84.202833299999995,20.329999999999998,2.510000000000000,md,25,58,0.136900000000000,0.110000000000000,se,se60172631,2017-04-19T18:30:55.040Z,"7km SSE of Vonore, Tennessee",0.230000000000000,0.470000000000000,0.163000000000000,16,se,se,Monroe,Monroe County,46545.000000000000000
12,66,2016-10-30T04:01:47.390Z,35.619000000000000,-84.231499999999997,9.699999999999999,2.560000000000000,md,30,52,0.061660000000000,0.190000000000000,se,se60163691,2017-01-24T02:02:09.040Z,"3km NNE of Vonore, Tennessee",0.310000000000000,0.500000000000000,0.090000000000000,17,se,se,Monroe,Monroe County,46545.000000000000000
13,73,2016-04-25T08:00:11.710Z,35.311666700000004,-84.230333299999998,17.320000000000000,2.540000000000000,md,35,54,0.184300000000000,0.160000000000000,se,se60138746,2016-07-08T02:49:21.040Z,"26km SSE of Madisonville, Tennessee",0.250000000000000,0.640000000000000,0.083000000000000,19,se,se,Monroe,Monroe County,46545.000000000000000
14,94,2014-09-20T19:54:00.170Z,35.636499999999998,-84.424333300000001,13.930000000000000,2.500000000000000,md,24,61,0.176800000000000,0.100000000000000,se,se610660,2016-04-07T18:19:40.130Z,"5km NE of Sweetwater, Tennessee",0.300000000000000,0.800000000000000,0.299000000000000,8,se,se,Monroe,Monroe County,46545.000000000000000
15,97,2014-04-21T05:05:07.040Z,35.555000000000000,-84.157833299999993,11.720000000000001,2.800000000000000,md,23,74,0.123000000000000,0.080000000000000,se,se610623,2016-10-30T05:00:55.286Z,"8km ESE of Vonore, Tennessee",0.400000000000000,1.300000000000000,0.271000000000000,6,se,se,Monroe,Monroe County,46545.000000000000000
16,107,2013-06-30T15:57:21.270Z,35.400666700000002,-84.406833300000002,23.210000000000001,2.500000000000000,md,23,94,0.084260000000000,0.120000000000000,se,se610195,2016-04-07T19:10:30.160Z,"7km ESE of Englewood, Tennessee",0.300000000000000,0.500000000000000,0.104000000000000,8,se,se,Monroe,Monroe County,46545.000000000000000
17,138,2009-03-14T22:16:18.640Z,35.443666700000001,-84.127333300000004,21.309999999999999,2.600000000000000,md,22,97,0.064650000000000,0.080000000000000,se,se607124,2016-04-08T16:28:34.500Z,"19km SSE of Vonore, Tennessee",0.500000000000000,1.400000000000000,0.152000000000000,7,se,se,Monroe,Monroe County,46545.000000000000000
18,153,2006-12-18T08:34:26.520Z,35.356000000000002,-84.350833300000005,17.690000000000001,3.300000000000000,md,24,67,0.000000000000000,0.110000000000000,se,se606243,2016-04-08T19:06:47.030Z,"14km ESE of Englewood, Tennessee",0.400000000000000,0.700000000000000,0.361000000000000,6,se,se,Monroe,Monroe County,46545.000000000000000
19,158,2006-05-10T12:17:29.240Z,35.533000000000001,-84.396000000000001,24.690000000000001,3.200000000000000,md,18,51,0.132000000000000,0.080000000000000,se,se606208,2016-04-08T19:03:13.400Z,"3km WNW of Madisonville, Tennessee",0.400000000000000,1.000000000000000,0.077000000000000,7,se,se,Monroe,Monroe County,46545.000000000000000
20,164,2005-04-14T15:38:15.740Z,35.467500000000001,-84.090999999999994,15.520000000000000,2.800000000000000,md,15,121,0.223400000000000,0.030000000000000,se,se605926,2016-04-11T13:12:07.930Z,"19km SE of Vonore, Tennessee",0.800000000000000,2.000000000000000,0.075000000000000,3,se,se,Monroe,Monroe County,46545.000000000000000
21,167,2004-12-23T06:54:20.660Z,35.429333300000003,-84.204166700000002,7.680000000000000,3.000000000000000,md,10,121,0.229400000000000,0.040000000000000,se,se605665,2016-04-11T13:49:13.200Z,"17km SE of Madisonville, Tennessee",1.600000000000000,5.300000000000000,0.102000000000000,3,se,se,Monroe,Monroe County,46545.000000000000000
22,211,1995-07-05T14:16:44.470Z,35.366000000000000,-84.212000000000003,10.000000000000000,3.700000000000000,mblg,0,0,0.000000000000000,0.000000000000000,us,usp000706b,2014-11-07T00:58:18.060Z,eastern Tennessee,0.000000000000000,0.000000000000000,0.000000000000000,0,bla,gs$,Monroe,Monroe County,46545.000000000000000
23,234,1988-01-09T01:07:40.780Z,35.274999999999999,-84.200999999999993,12.300000000000001,3.300000000000000,md,0,0,0.000000000000000,0.000000000000000,us,usp0003bx4,2014-11-07T00:41:29.956Z,eastern Tennessee,0.000000000000000,0.000000000000000,0.000000000000000,0,tei,tei,Monroe,Monroe County,46545.000000000000000
24,235,1988-01-09T00:16:55.400Z,35.274000000000001,-84.188000000000002,9.199999999999999,2.900000000000000,md,0,0,0.000000000000000,0.000000000000000,us,usp0003bx2,2014-11-07T00:41:29.876Z,eastern Tennessee,0.000000000000000,0.000000000000000,0.000000000000000,0,tei,tei,Monroe,Monroe County,46545.000000000000000
25,237,1987-09-22T17:23:50.100Z,35.622999999999998,-84.311000000000007,19.000000000000000,3.300000000000000,mblg,0,0,0.000000000000000,0.000000000000000,us,usp00038mc,2014-11-07T00:40:57.709Z,eastern Tennessee,0.000000000000000,0.000000000000000,0.000000000000000,0,tei,us,Monroe,Monroe County,46545.000000000000000
26,242,1987-03-27T07:29:30.000Z,35.570000000000000,-84.209999999999994,19.500000000000000,4.200000000000000,md,0,0,0.000000000000000,0.000000000000000,se,se603077,2020-07-10T14:35:55.193Z,"3km SE of Vonore, Tennessee",0.000000000000000,0.000000000000000,0.000000000000000,0,se,se,Monroe,Monroe County,46545.000000000000000
27,251,1984-08-30T16:26:28.500Z,35.560000000000002,-84.340000000000003,14.300000000000001,3.200000000000000,md,0,0,0.000000000000000,0.000000000000000,us,usp00026vn,2014-11-07T00:35:20.759Z,eastern Tennessee,0.000000000000000,0.000000000000000,0.000000000000000,0,tei,tei,Monroe,Monroe County,46545.000000000000000
28,255,1983-07-08T19:29:05.960Z,35.543999999999997,-84.152000000000001,10.500000000000000,3.300000000000000,mblg,0,0,0.000000000000000,0.000000000000000,us,usp0001wnv,2014-11-07T00:33:27.481Z,eastern Tennessee,0.000000000000000,0.000000000000000,0.000000000000000,0,tei,tei,Monroe,Monroe County,46545.000000000000000
29,278,1979-08-13T05:18:56.000Z,35.243000000000002,-84.375000000000000,5.000000000000000,3.700000000000000, ,0,0,0.000000000000000,0.000000000000000,us,usp00012cz,2014-11-06T23:22:04.735Z,eastern Tennessee,0.000000000000000,0.000000000000000,0.000000000000000,0,us,bla,Monroe,Monroe County,46545.000000000000000
30,283,1977-07-27T22:03:21.300Z,35.420000000000002,-84.417000000000002,7.000000000000000,3.500000000000000, ,0,0,0.000000000000000,0.000000000000000,us,usp0000pwm,2014-11-06T23:21:43.165Z,eastern Tennessee,0.000000000000000,0.000000000000000,0.000000000000000,0,us,bla,Monroe,Monroe County,46545.000000000000000
31,34,2019-01-16T02:37:55.750Z,35.485833300000003,-86.308833300000003,6.520000000000000,2.770000000000000,md,19,56,0.489000000000000,0.240000000000000,se,se60251476,2019-04-05T21:40:57.040Z,"13km E of Shelbyville, Tennessee",0.480000000000000,2.410000000000000,0.067000000000000,17,se,se,Bedford,Bedford County,49713.000000000000000
32,65,2016-11-29T10:00:46.680Z,35.683833300000003,-89.765500000000003,11.960000000000001,2.540000000000000,md,31,86,0.104200000000000,0.250000000000000,nm,nm60140392,2017-02-23T00:11:52.040Z,"16km ESE of Luxora, Arkansas",0.390000000000000,1.720000000000000,0.077000000000000,21,nm,nm,Lauderdale,Lauderdale County,25633.000000000000000
33,79,2015-08-25T13:26:15.340Z,35.664166700000003,-89.682333299999996,12.690000000000000,3.500000000000000,mw,88,68,0.091950000000000,0.140000000000000,nm,nm60087957,2019-10-10T14:52:37.900Z,"11km NNW of Covington, Tennessee",0.190000000000000,0.370000000000000,0.000000000000000,31,nm,nm,Lauderdale,Lauderdale County,25633.000000000000000
34,139,2009-01-16T21:09:44.680Z,35.644333300000000,-89.691333299999997,8.850000000000000,2.800000000000000,md,38,69,0.109200000000000,0.100000000000000,nm,nm606908,2016-04-08T16:05:22.540Z,"9km NNW of Covington, Tennessee",0.600000000000000,1.400000000000000,0.172000000000000,7,nm,nm,Lauderdale,Lauderdale County,25633.000000000000000
35,181,2002-09-08T09:03:24.290Z,35.668333300000000,-89.641000000000005,6.730000000000000,2.700000000000000,md,19,72,0.206700000000000,0.240000000000000,nm,nm605088,2016-04-11T16:12:14.660Z,"11km N of Covington, Tennessee",3.500000000000000,17.000000000000000,0.209000000000000,2,nm,nm,Lauderdale,Lauderdale County,25633.000000000000000
36,223,1992-04-03T03:06:04.200Z,35.832000000000001,-89.498999999999995,8.300000000000001,2.900000000000000,md,0,0,0.000000000000000,0.000000000000000,nm,nm603936,2016-04-14T19:02:03.180Z,"4km NE of Central, Tennessee",0.000000000000000,0.000000000000000,0.000000000000000,0,nm,nm,Lauderdale,Lauderdale County,25633.000000000000000
37,225,1990-08-29T19:34:59.250Z,35.784999999999997,-89.644000000000005,14.500000000000000,3.400000000000000,md,0,0,0.000000000000000,0.000000000000000,nm,nm603752,2016-04-14T18:43:36.540Z,"9km WSW of Central, Tennessee",0.000000000000000,0.000000000000000,0.000000000000000,0,nm,nm,Lauderdale,Lauderdale County,25633.000000000000000
38,244,1986-09-12T17:41:56.030Z,35.667999999999999,-89.665999999999997,14.300000000000001,2.600000000000000,md,0,0,0.000000000000000,0.000000000000000,nm,nm602926,2016-04-14T17:22:00.140Z,"11km N of Covington, Tennessee",0.000000000000000,0.000000000000000,0.000000000000000,0,nm,nm,Lauderdale,Lauderdale County,25633.000000000000000
39,266,1982-04-17T01:22:54.890Z,35.909999999999997,-89.590000000000003,5.000000000000000,2.800000000000000,md,0,0,0.000000000000000,0.000000000000000,nm,nm601675,2016-04-14T15:19:05.050Z,"12km NNW of Central, Tennessee",0.000000000000000,0.000000000000000,0.000000000000000,0,nm,nm,Lauderdale,Lauderdale County,25633.000000000000000
40,288,1974-03-12T12:30:28.600Z,35.659999999999997,-89.790000000000006,5.000000000000000,3.200000000000000,lg,0,0,0.000000000000000,0.000000000000000,us,usp00005kq,2014-11-06T23:21:23.314Z,Tennessee,0.000000000000000,0.000000000000000,0.000000000000000,0,j,slm,Lauderdale,Lauderdale County,25633.000000000000000
41,296,1956-01-29T04:44:16.500Z,35.756000000000000,-89.802999999999997,16.000000000000000,4.000000000000000,fa,0,0,0.000000000000000,0.000000000000000,ushis,ushis2079,2018-06-04T20:43:44.000Z,Tennessee,0.000000000000000,0.000000000000000,0.000000000000000,0,ushis,dg,Lauderdale,Lauderdale County,25633.000000000000000
42,22,2019-05-16T10:12:53.930Z,35.690833300000001,-84.366833299999996,20.629999999999999,2.580000000000000,md,27,51,0.139300000000000,0.140000000000000,se,se60271691,2019-08-07T22:03:41.040Z,"5km SSW of Loudon, Tennessee",0.260000000000000,0.490000000000000,0.159000000000000,23,se,se,Loudon,Loudon County,54068.000000000000000
43,45,2018-05-24T20:08:50.830Z,35.863333300000001,-84.294499999999999,15.990000000000000,2.730000000000000,md,23,51,0.204900000000000,0.120000000000000,se,se60229381,2018-08-21T21:23:49.040Z,"9km NNW of Lenoir City, Tennessee",0.240000000000000,0.760000000000000,0.104000000000000,10,se,se,Loudon,Loudon County,54068.000000000000000
44,57,2017-06-25T10:00:57.490Z,35.746833299999999,-84.256000000000000,21.020000000000000,2.570000000000000,md,29,45,0.087110000000000,0.120000000000000,se,se60172752,2018-05-25T01:59:13.284Z,"5km S of Lenoir City, Tennessee",0.220000000000000,0.340000000000000,0.134000000000000,16,se,se,Loudon,Loudon County,54068.000000000000000
45,102,2014-03-06T08:29:37.040Z,35.680666700000003,-84.260666700000002,20.949999999999999,2.600000000000000,md,18,105,0.052260000000000,0.100000000000000,se,se610616,2016-04-07T18:14:59.980Z,"8km SE of Loudon, Tennessee",0.500000000000000,0.800000000000000,0.257000000000000,7,se,se,Loudon,Loudon County,54068.000000000000000
46,1,2020-07-08T04:12:46.140Z,36.256666699999997,-89.499166700000004,9.430000000000000,2.530000000000000,md,62,28,0.009589000000000,0.120000000000000,nm,nm60299502,2020-09-19T20:57:56.040Z,"1 km SW of Ridgely, Tennessee",0.140000000000000,0.280000000000000,0.136000000000000,44,nm,nm,Lake,Lake County,7016.000000000000000
47,5,2020-04-15T13:16:52.010Z,36.345833300000002,-89.462000000000003,5.220000000000000,2.740000000000000,md,59,21,0.029150000000000,0.180000000000000,nm,nm60287482,2020-07-09T14:31:07.040Z,"3km SSE of Tiptonville, Tennessee",0.210000000000000,0.500000000000000,0.086000000000000,42,nm,nm,Lake,Lake County,7016.000000000000000
48,12,2020-01-14T11:01:52.710Z,36.491166700000001,-89.528166700000000,8.160000000000000,2.510000000000000,md,44,38,0.049020000000000,0.090000000000000,nm,nm60299571,2020-04-02T21:28:31.040Z,"11km S of New Madrid, Missouri",0.150000000000000,0.400000000000000,0.139000000000000,41,nm,nm,Lake,Lake County,7016.000000000000000
49,13,2020-01-07T15:18:58.400Z,36.276166699999997,-89.469833300000005,5.470000000000000,2.510000000000000,md,27,42,0.022350000000000,0.080000000000000,nm,nm60272917,2020-03-21T17:13:22.040Z,"3km ENE of Ridgely, Tennessee",0.180000000000000,0.340000000000000,0.094000000000000,28,nm,nm,Lake,Lake County,7016.000000000000000
50,15,2019-10-27T05:08:08.290Z,36.275666700000002,-89.507833300000001,8.060000000000001,2.750000000000000,md,29,43,0.042780000000000,0.080000000000000,nm,nm60291521,2020-01-11T21:26:47.040Z,"2km NW of Ridgely, Tennessee",0.150000000000000,0.390000000000000,0.054000000000000,24,nm,nm,Lake,Lake County,7016.000000000000000
51,16,2019-10-27T05:07:55.030Z,36.277166700000002,-89.506833299999997,8.350000000000000,2.700000000000000,md,57,29,0.041330000000000,0.140000000000000,nm,nm60291511,2020-01-11T21:26:47.040Z,"2km NW of Ridgely, Tennessee",0.140000000000000,0.360000000000000,0.058000000000000,27,nm,nm,Lake,Lake County,7016.000000000000000
52,17,2019-10-26T00:32:33.250Z,36.491166700000001,-89.530666699999998,8.460000000000001,2.690000000000000,md,66,26,0.048600000000000,0.130000000000000,nm,nm60291376,2020-01-11T21:26:40.040Z,"10km S of New Madrid, Missouri",0.130000000000000,0.330000000000000,0.088000000000000,57,nm,nm,Lake,Lake County,7016.000000000000000
53,21,2019-05-28T00:38:53.260Z,36.281166700000000,-89.502166700000004,9.560000000000001,2.740000000000000,md,63,32,0.026110000000000,0.130000000000000,nm,nm60248187,2019-08-24T21:17:27.040Z,"1km NW of Ridgely, Tennessee",0.140000000000000,0.270000000000000,0.182000000000000,46,nm,nm,Lake,Lake County,7016.000000000000000
54,26,2019-04-23T01:09:10.360Z,36.289333300000003,-89.522833300000002,8.680000000000000,2.510000000000000,md,52,29,0.034610000000000,0.110000000000000,nm,nm60268121,2019-07-13T18:42:34.040Z,"4km NW of Ridgely, Tennessee",0.140000000000000,0.320000000000000,0.058000000000000,34,nm,nm,Lake,Lake County,7016.000000000000000
55,42,2018-10-22T11:06:20.250Z,36.271500000000003,-89.444833299999999,6.520000000000000,3.270000000000000,md,52,48,0.029810000000000,0.080000000000000,nm,nm60216622,2019-04-24T11:34:50.848Z,"3km ENE of Ridgely, Tennessee",0.140000000000000,0.310000000000000,0.100000000000000,44,nm,nm,Lake,Lake County,7016.000000000000000
56,54,2017-07-31T02:16:19.620Z,36.306166699999999,-89.490333300000003,4.810000000000000,3.050000000000000,md,72,27,0.024040000000000,0.150000000000000,nm,nm60203501,2017-10-18T01:54:11.040Z,"4km N of Ridgely, Tennessee",0.150000000000000,0.190000000000000,0.261000000000000,52,nm,nm,Lake,Lake County,7016.000000000000000
57,58,2017-06-03T09:01:03.350Z,36.297166699999998,-89.512666699999997,9.470000000000001,2.730000000000000,md,51,33,0.040570000000000,0.090000000000000,nm,nm60197221,2017-08-15T02:26:52.040Z,"4km NNW of Ridgely, Tennessee",0.130000000000000,0.280000000000000,0.053000000000000,37,nm,nm,Lake,Lake County,7016.000000000000000
58,59,2017-05-06T23:39:35.670Z,36.391833300000002,-89.506000000000000,8.190000000000000,2.710000000000000,md,43,37,0.044220000000000,0.130000000000000,nm,nm60166157,2017-07-29T03:16:26.040Z,"3km WNW of Tiptonville, Tennessee",0.160000000000000,0.300000000000000,0.145000000000000,46,nm,nm,Lake,Lake County,7016.000000000000000
59,60,2017-03-10T07:42:46.900Z,36.321166699999999,-89.536500000000004,10.000000000000000,2.510000000000000,md,42,27,0.041030000000000,0.170000000000000,nm,nm60179831,2017-05-31T01:59:00.040Z,"7km NW of Ridgely, Tennessee",0.260000000000000,0.360000000000000,0.104000000000000,34,nm,nm,Lake,Lake County,7016.000000000000000
60,61,2017-02-16T08:22:42.490Z,36.250333300000001,-89.559333300000006,4.590000000000000,2.500000000000000,md,48,41,0.039470000000000,0.150000000000000,nm,nm60176111,2017-05-13T01:03:22.040Z,"6km WSW of Ridgely, Tennessee",0.220000000000000,0.270000000000000,0.094000000000000,33,nm,nm,Lake,Lake County,7016.000000000000000
61,71,2016-05-19T11:17:02.910Z,36.285166699999998,-89.424666700000003,7.070000000000000,2.840000000000000,md,68,41,0.033010000000000,0.140000000000000,nm,nm60117467,2016-07-22T19:39:13.040Z,"6km ENE of Ridgely, Tennessee",0.160000000000000,0.350000000000000,0.090000000000000,51,nm,nm,Lake,Lake County,7016.000000000000000
62,86,2015-06-14T13:11:54.810Z,36.269500000000001,-89.453166699999997,7.920000000000000,2.730000000000000,md,47,46,0.029170000000000,0.140000000000000,nm,nm60079752,2019-10-10T14:43:45.760Z,"3km ENE of Ridgely, Tennessee",0.180000000000000,0.340000000000000,0.048000000000000,30,nm,nm,Lake,Lake County,7016.000000000000000
63,110,2013-04-05T00:27:52.560Z,36.236833300000001,-89.599999999999994,7.060000000000000,2.700000000000000,md,30,48,0.072700000000000,0.060000000000000,nm,nm609842,2016-04-07T18:33:05.520Z,"6km NE of Caruthersville, Missouri",0.200000000000000,0.800000000000000,0.271000000000000,12,nm,nm,Lake,Lake County,7016.000000000000000
64,116,2012-07-03T23:27:10.900Z,36.285499999999999,-89.447166699999997,4.760000000000000,2.500000000000000,md,26,45,0.017500000000000,0.060000000000000,nm,nm609469,2016-04-07T19:33:43.510Z,"4km NE of Ridgely, Tennessee",0.300000000000000,0.200000000000000,0.102000000000000,5,nm,nm,Lake,Lake County,7016.000000000000000
65,118,2012-06-17T13:40:31.700Z,36.411000000000001,-89.529499999999999,8.440000000000000,3.300000000000000,mlg,37,38,0.043890000000000,0.040000000000000,nm,nm609443,2016-04-07T19:30:56.440Z,"6km NW of Tiptonville, Tennessee",0.200000000000000,0.600000000000000,0.229000000000000,1,nm,nm,Lake,Lake County,7016.000000000000000
66,122,2011-06-02T22:29:54.580Z,36.294833300000001,-89.517833300000007,9.930000000000000,2.500000000000000,md,26,47,0.039150000000000,0.070000000000000,nm,nm608921,2016-04-08T13:28:25.620Z,"4km NW of Ridgely, Tennessee",0.300000000000000,0.700000000000000,0.216000000000000,10,nm,nm,Lake,Lake County,7016.000000000000000
67,132,2009-10-05T18:11:36.550Z,36.345999999999997,-89.501000000000005,4.970000000000000,2.500000000000000,md,31,34,0.003138000000000,0.060000000000000,nm,nm607034,2016-04-08T16:18:56.440Z,"4km SW of Tiptonville, Tennessee",0.200000000000000,0.200000000000000,0.190000000000000,8,nm,nm,Lake,Lake County,7016.000000000000000
68,135,2009-08-25T06:32:04.320Z,36.251833300000001,-89.433999999999997,7.540000000000000,2.800000000000000,md,35,49,0.024770000000000,0.050000000000000,nm,nm607004,2016-04-08T16:15:42.340Z,"5km ESE of Ridgely, Tennessee",0.200000000000000,0.600000000000000,0.110000000000000,9,nm,nm,Lake,Lake County,7016.000000000000000
69,144,2008-08-05T22:04:32.550Z,36.329666699999997,-89.502166700000004,7.920000000000000,2.600000000000000,md,28,34,0.018600000000000,0.060000000000000,nm,nm606751,2016-04-08T17:05:09.550Z,"6km SSW of Tiptonville, Tennessee",0.300000000000000,0.600000000000000,0.091000000000000,9,nm,nm,Lake,Lake County,7016.000000000000000
70,145,2008-05-21T11:44:29.320Z,36.302000000000000,-89.521333299999995,6.350000000000000,2.700000000000000,md,23,41,0.046660000000000,0.070000000000000,nm,nm606711,2016-04-08T17:00:51.820Z,"5km NW of Ridgely, Tennessee",0.300000000000000,0.800000000000000,0.112000000000000,9,nm,nm,Lake,Lake County,7016.000000000000000
71,146,2008-01-27T11:38:08.700Z,36.317166700000001,-89.509166699999994,6.960000000000000,2.500000000000000,md,31,28,0.032060000000000,0.060000000000000,nm,nm606589,2016-04-08T16:47:54.760Z,"6km NNW of Ridgely, Tennessee",0.200000000000000,0.500000000000000,0.134000000000000,11,nm,nm,Lake,Lake County,7016.000000000000000
72,147,2007-11-22T16:41:39.020Z,36.284666700000002,-89.516666700000002,6.720000000000000,2.500000000000000,md,23,34,0.047190000000000,0.050000000000000,nm,nm606453,2016-04-08T18:01:27.490Z,"3km NW of Ridgely, Tennessee",0.300000000000000,1.000000000000000,0.124000000000000,8,nm,nm,Lake,Lake County,7016.000000000000000
73,149,2007-09-03T15:58:30.100Z,36.383833299999999,-89.457666700000004,0.470000000000000,2.600000000000000,md,32,53,0.048360000000000,0.100000000000000,nm,nm606408,2016-04-08T17:56:33.930Z,"1km ENE of Tiptonville, Tennessee",0.500000000000000,0.100000000000000,0.156000000000000,9,nm,nm,Lake,Lake County,7016.000000000000000
74,155,2006-09-07T13:51:12.640Z,36.271500000000003,-89.499666700000006,7.560000000000000,3.300000000000000,md,35,35,0.017980000000000,0.060000000000000,nm,nm606109,2016-04-08T18:52:39.560Z,"1km NW of Ridgely, Tennessee",0.200000000000000,0.600000000000000,0.076000000000000,10,nm,nm,Lake,Lake County,7016.000000000000000
75,157,2006-05-23T21:04:32.840Z,36.423333300000003,-89.543000000000006,8.570000000000000,2.500000000000000,md,29,111,0.000000000000000,0.050000000000000,nm,nm606053,2016-04-08T18:46:35.830Z,"8km NW of Tiptonville, Tennessee",0.400000000000000,0.900000000000000,0.114000000000000,7,nm,nm,Lake,Lake County,7016.000000000000000
76,163,2005-04-28T16:58:56.850Z,36.253666699999997,-89.489999999999995,8.840000000000000,2.500000000000000,md,32,38,0.017130000000000,0.050000000000000,nm,nm605737,2016-04-11T12:51:40.120Z,"1km S of Ridgely, Tennessee",0.300000000000000,0.700000000000000,0.089000000000000,5,nm,nm,Lake,Lake County,7016.000000000000000
77,169,2004-10-21T11:58:38.220Z,36.403833300000002,-89.501333299999999,5.830000000000000,2.500000000000000,md,36,39,0.023410000000000,0.040000000000000,nm,nm605559,2016-04-11T13:38:08.260Z,"3km NW of Tiptonville, Tennessee",0.300000000000000,0.700000000000000,0.135000000000000,10,nm,nm,Lake,Lake County,7016.000000000000000
78,170,2004-07-19T08:53:37.520Z,36.278166700000000,-89.450666699999999,5.580000000000000,2.600000000000000,md,37,43,0.022400000000000,0.050000000000000,nm,nm605508,2016-04-11T13:32:38.520Z,"3km ENE of Ridgely, Tennessee",0.300000000000000,0.800000000000000,0.188000000000000,14,nm,nm,Lake,Lake County,7016.000000000000000
79,172,2004-05-03T19:25:47.510Z,36.277000000000001,-89.453833299999999,2.670000000000000,2.700000000000000,mlg,28,42,0.022710000000000,0.050000000000000,nm,nm605473,2016-04-11T13:28:50.760Z,"3km ENE of Ridgely, Tennessee",0.300000000000000,2.500000000000000,0.178000000000000,6,nm,nm,Lake,Lake County,7016.000000000000000
80,174,2003-12-21T05:20:05.680Z,36.288333299999998,-89.501666700000001,8.770000000000000,2.700000000000000,md,40,45,0.033140000000000,0.040000000000000,nm,nm605318,2016-04-11T14:25:46.420Z,"3km NNW of Ridgely, Tennessee",0.200000000000000,0.600000000000000,0.162000000000000,26,nm,nm,Lake,Lake County,7016.000000000000000
81,175,2003-12-17T01:13:07.960Z,36.303666700000001,-89.517833300000007,8.850000000000000,2.500000000000000,md,37,36,0.044350000000000,0.050000000000000,nm,nm605313,2016-04-11T14:25:13.210Z,"5km NNW of Ridgely, Tennessee",0.300000000000000,0.600000000000000,0.238000000000000,22,nm,nm,Lake,Lake County,7016.000000000000000
82,177,2003-10-12T22:35:57.490Z,36.308333300000001,-89.523333300000004,7.720000000000000,2.500000000000000,md,18,150,0.177000000000000,0.180000000000000,nm,nm605280,2016-04-11T14:21:39.660Z,"5km NNW of Ridgely, Tennessee",1.500000000000000,2.400000000000000,0.089000000000000,2,nm,nm,Lake,Lake County,7016.000000000000000
83,179,2003-07-07T00:42:18.340Z,36.399999999999999,-89.473166699999993,8.920000000000000,2.600000000000000,md,37,54,0.025990000000000,0.030000000000000,nm,nm605210,2016-04-11T14:14:05.790Z,"2km N of Tiptonville, Tennessee",0.300000000000000,0.700000000000000,0.171000000000000,10,nm,nm,Lake,Lake County,7016.000000000000000
84,198,1999-08-23T12:12:41.170Z,36.259166700000002,-89.501333299999999,9.060000000000001,3.100000000000000,md,42,36,0.008428000000000,0.080000000000000,nm,nm60014485,2016-04-13T19:08:22.690Z,"1km WSW of Ridgely, Tennessee",0.200000000000000,0.600000000000000,0.407000000000000,34,nm,nm,Lake,Lake County,7016.000000000000000
85,202,1998-04-09T05:13:40.090Z,36.436000000000000,-89.495666700000001,4.260000000000000,2.700000000000000,mlg,29,86,0.014360000000000,0.270000000000000,nm,nm604368,2016-04-13T19:21:48.100Z,"6km NNW of Tiptonville, Tennessee",0.300000000000000,1.400000000000000,0.178000000000000,10,nm,nm,Lake,Lake County,7016.000000000000000
86,206,1996-11-29T10:47:10.280Z,36.255000000000003,-89.450166699999997,5.390000000000000,3.100000000000000,md,34,82,0.000000000000000,0.150000000000000,nm,nm604230,2017-08-31T18:19:23.710Z,"3km ESE of Ridgely, Tennessee",0.700000000000000,1.100000000000000,0.039000000000000,4,nm,nm,Lake,Lake County,7016.000000000000000
87,215,1994-11-20T23:31:48.980Z,36.436999999999998,-89.513999999999996,6.400000000000000,2.700000000000000,md,0,0,0.000000000000000,0.000000000000000,nm,nm604090,2016-04-14T19:17:02.930Z,"7km NNW of Tiptonville, Tennessee",0.000000000000000,0.000000000000000,0.000000000000000,0,nm,nm,Lake,Lake County,7016.000000000000000
88,220,1993-01-21T19:46:20.070Z,36.228999999999999,-89.596999999999994,5.600000000000000,3.000000000000000,mlg,0,0,0.000000000000000,0.000000000000000,nm,nm603974,2016-04-14T19:05:42.040Z,"6km NE of Caruthersville, Missouri",0.000000000000000,0.000000000000000,0.000000000000000,0,nm,nm,Lake,Lake County,7016.000000000000000
89,222,1992-11-24T12:13:19.550Z,36.334000000000003,-89.492999999999995,4.700000000000000,2.600000000000000,md,0,0,0.000000000000000,0.000000000000000,nm,nm603958,2016-04-14T19:04:10.850Z,"5km SSW of Tiptonville, Tennessee",0.000000000000000,0.000000000000000,0.000000000000000,0,nm,nm,Lake,Lake County,7016.000000000000000
90,230,1989-07-14T23:32:22.390Z,36.295000000000002,-89.494000000000000,11.000000000000000,2.700000000000000,md,0,0,0.000000000000000,0.000000000000000,nm,nm603493,2016-04-14T18:18:08.680Z,"3km N of Ridgely, Tennessee",0.000000000000000,0.000000000000000,0.000000000000000,0,nm,nm,Lake,Lake County,7016.000000000000000
91,238,1987-09-01T19:40:16.400Z,36.262999999999998,-89.447000000000003,11.100000000000000,2.500000000000000,md,0,0,0.000000000000000,0.000000000000000,nm,nm603219,2016-04-14T17:50:53.000Z,"3km E of Ridgely, Tennessee",0.000000000000000,0.000000000000000,0.000000000000000,0,nm,nm,Lake,Lake County,7016.000000000000000
92,241,1987-05-02T19:51:28.810Z,36.289999999999999,-89.552999999999997,9.800000000000001,2.900000000000000,md,0,0,0.000000000000000,0.000000000000000,nm,nm603094,2016-04-14T17:38:18.800Z,"6km WNW of Ridgely, Tennessee",0.000000000000000,0.000000000000000,0.000000000000000,0,nm,nm,Lake,Lake County,7016.000000000000000
93,243,1986-10-18T22:53:29.350Z,36.210000000000001,-89.513000000000005,8.100000000000000,2.500000000000000,md,0,0,0.000000000000000,0.000000000000000,nm,nm602952,2016-04-14T17:24:38.220Z,"6km SSW of Ridgely, Tennessee",0.000000000000000,0.000000000000000,0.000000000000000,0,nm,nm,Lake,Lake County,7016.000000000000000
94,256,1983-02-23T08:51:26.960Z,36.212000000000003,-89.671999999999997,7.600000000000000,3.200000000000000,md,0,0,0.000000000000000,0.000000000000000,nm,nm601917,2016-04-14T15:42:59.700Z,"2km NW of Caruthersville, Missouri",0.000000000000000,0.000000000000000,0.000000000000000,0,nm,nm,Lake,Lake County,7016.000000000000000
95,258,1982-10-17T19:53:50.800Z,36.299999999999997,-89.489999999999995,15.300000000000001,2.700000000000000,md,0,0,0.000000000000000,0.000000000000000,nm,nm601836,2016-04-14T15:35:11.670Z,"4km N of Ridgely, Tennessee",0.000000000000000,0.000000000000000,0.000000000000000,0,nm,nm,Lake,Lake County,7016.000000000000000
96,261,1982-09-29T02:06:28.100Z,36.250000000000000,-89.450000000000003,5.000000000000000,2.800000000000000,md,0,0,0.000000000000000,0.000000000000000,nm,nm601815,2016-04-14T15:33:04.040Z,"3km ESE of Ridgely, Tennessee",0.000000000000000,0.000000000000000,0.000000000000000,0,nm,nm,Lake,Lake County,7016.000000000000000
97,267,1982-02-26T05:02:59.200Z,36.490000000000002,-89.530000000000001,5.600000000000000,2.500000000000000,md,0,0,0.000000000000000,0.000000000000000,nm,nm601656,2016-04-14T15:17:09.550Z,"10km S of New Madrid, Missouri",0.000000000000000,0.000000000000000,0.000000000000000,0,nm,nm,Lake,Lake County,7016.000000000000000
98,271,1981-10-22T10:33:30.500Z,36.259999999999998,-89.469999999999999,7.400000000000000,2.500000000000000,md,0,0,0.000000000000000,0.000000000000000,nm,nm601591,2016-04-14T15:10:34.400Z,"1km ESE of Ridgely, Tennessee",0.000000000000000,0.000000000000000,0.000000000000000,0,nm,nm,Lake,Lake County,7016.000000000000000
99,280,1978-03-30T23:02:37.700Z,36.270000000000003,-89.469999999999999,4.200000000000000,2.600000000000000,mlg,0,0,0.000000000000000,0.000000000000000,nm,nm600681,2016-04-14T13:37:31.250Z,"1km ENE of Ridgely, Tennessee",0.000000000000000,0.000000000000000,0.000000000000000,0,nm,nm,Lake,Lake County,7016.000000000000000
100,284,1975-07-06T08:48:13.900Z,36.189999999999998,-89.489999999999995,5.000000000000000,2.500000000000000,mlg,0,0,0.000000000000000,0.000000000000000,nm,nm600238,2016-04-14T12:52:40.030Z,"8km S of Ridgely, Tennessee",0.000000000000000,0.000000000000000,0.000000000000000,0,nm,nm,Lake,Lake County,7016.000000000000000
101,289,1974-03-10T04:34:19.700Z,36.210000000000001,-89.530000000000001,5.000000000000000,2.500000000000000,lg,0,0,0.000000000000000,0.000000000000000,us,usp00005jt,2014-11-06T23:21:23.286Z,Tennessee,0.000000000000000,0.000000000000000,0.000000000000000,0,j,slm,Lake,Lake County,7016.000000000000000
102,48,2018-04-02T04:17:55.920Z,36.070000000000000,-83.653499999999994,19.820000000000000,2.540000000000000,md,19,63,0.000000000000000,0.120000000000000,se,se60222081,2018-06-30T01:11:24.040Z,"8km E of Mascot, Tennessee",0.470000000000000,0.910000000000000,0.115000000000000,11,se,se,Jefferson,Jefferson County,54495.000000000000000
103,133,2009-10-02T15:28:47.140Z,36.048166700000003,-83.566833299999999,14.500000000000000,2.500000000000000,md,19,55,0.000000000000000,0.120000000000000,se,se607206,2016-04-08T16:37:10.500Z,"6km SSW of New Market, Tennessee",0.600000000000000,1.600000000000000,0.087000000000000,4,se,se,Jefferson,Jefferson County,54495.000000000000000
104,140,2008-12-18T00:05:07.060Z,36.050166699999998,-83.591833300000005,9.539999999999999,3.300000000000000,mlg,18,57,0.245400000000000,0.160000000000000,se,se606896,2016-04-08T17:20:37.760Z,"6km SSW of New Market, Tennessee",0.400000000000000,1.100000000000000,0.314000000000000,5,se,se,Jefferson,Jefferson County,54495.000000000000000
105,143,2008-10-25T23:47:17.300Z,36.052333300000001,-83.603499999999997,15.830000000000000,2.500000000000000,md,19,73,0.245300000000000,0.140000000000000,se,se606886,2016-04-08T17:19:34.090Z,"7km SW of New Market, Tennessee",0.600000000000000,1.600000000000000,0.123000000000000,5,se,se,Jefferson,Jefferson County,54495.000000000000000
106,185,2001-07-26T05:26:45.810Z,36.000833299999996,-83.553666699999994,17.079999999999998,3.200000000000000,mlg,14,64,0.000000000000000,0.130000000000000,se,se610719,2020-02-12T19:14:12.273Z,"11km S of New Market, Tennessee",1.800000000000000,3.100000000000000,0.435000000000000,4,se,se,Jefferson,Jefferson County,54495.000000000000000
107,209,1995-12-15T10:16:40.260Z,36.070999999999998,-83.640000000000001,5.000000000000000,2.600000000000000,mblg,0,0,0.000000000000000,1.000000000000000,us,usp000790z,2014-11-07T00:59:26.421Z,eastern Tennessee,0.000000000000000,0.000000000000000,0.000000000000000,0,us,gs$,Jefferson,Jefferson County,54495.000000000000000
108,257,1983-01-27T22:09:35.000Z,36.054000000000002,-83.619000000000000,14.600000000000000,2.600000000000000,mblg,0,0,0.000000000000000,0.000000000000000,us,usp0001snp,2014-11-07T00:32:34.157Z,eastern Tennessee,0.000000000000000,0.000000000000000,0.000000000000000,0,tei,us,Jefferson,Jefferson County,54495.000000000000000
109,64,2017-01-15T16:47:29.070Z,36.458666700000002,-83.081833300000000,22.739999999999998,2.580000000000000,md,24,69,0.233400000000000,0.110000000000000,se,se60172026,2017-04-12T02:28:57.040Z,"8km NW of Rogersville, Tennessee",0.240000000000000,0.550000000000000,0.107000000000000,14,se,se,Hawkins,Hawkins County,56786.000000000000000
110,30,2019-03-05T20:56:02.390Z,36.295499999999997,-83.735666699999996,17.070000000000000,3.370000000000000,md,33,37,0.181500000000000,0.110000000000000,se,se60233907,2020-01-23T11:43:13.995Z,"7km NE of Maynardville, Tennessee",0.320000000000000,0.460000000000000,0.195000000000000,31,se,se,Union,Union County,19972.000000000000000
111,49,2017-11-30T06:16:32.660Z,36.318666700000001,-83.709166699999997,18.629999999999999,2.680000000000000,md,29,55,0.188500000000000,0.200000000000000,se,se60211721,2018-02-20T09:06:08.040Z,"10km NE of Maynardville, Tennessee",0.370000000000000,0.880000000000000,0.047000000000000,23,se,se,Union,Union County,19972.000000000000000
112,115,2012-07-15T22:02:24.690Z,36.203333299999997,-83.736000000000004,4.320000000000000,2.600000000000000,md,21,51,0.000000000000000,0.140000000000000,se,se609712,2016-04-07T19:59:33.190Z,"0km NE of Luttrell, Tennessee",0.500000000000000,1.200000000000000,0.395000000000000,3,se,se,Union,Union County,19972.000000000000000
113,35,2019-01-14T09:00:26.930Z,35.770833300000000,-83.955666699999995,13.010000000000000,2.730000000000000,md,28,33,0.162100000000000,0.170000000000000,se,se60251261,2019-10-10T15:23:30.235Z,"2km NE of Maryville, Tennessee",0.270000000000000,0.800000000000000,0.108000000000000,25,se,se,Blount,Blount County,133088.000000000000000
114,55,2017-07-23T13:22:58.710Z,35.725000000000001,-84.165000000000006,22.570000000000000,2.730000000000000,md,19,62,0.057170000000000,0.160000000000000,se,se60202986,2017-10-14T00:19:36.040Z,"7km N of Greenback, Tennessee",0.250000000000000,0.450000000000000,0.160000000000000,18,se,se,Blount,Blount County,133088.000000000000000
115,67,2016-10-25T02:42:50.480Z,35.815833300000001,-84.093833300000000,3.320000000000000,2.700000000000000,md,31,36,0.155700000000000,0.250000000000000,se,se60163236,2017-01-20T00:31:05.040Z,"4km W of Louisville, Tennessee",0.410000000000000,1.250000000000000,0.123000000000000,18,se,se,Blount,Blount County,133088.000000000000000
116,108,2013-05-10T04:57:23.740Z,35.759000000000000,-83.915499999999994,21.250000000000000,2.500000000000000,md,19,126,0.178600000000000,0.190000000000000,se,se610182,2016-04-07T19:09:07.470Z,"4km SSE of Eagleton Village, Tennessee",0.700000000000000,1.000000000000000,0.170000000000000,7,se,se,Blount,Blount County,133088.000000000000000
117,112,2012-12-05T23:02:57.130Z,35.702500000000001,-84.154333300000005,19.899999999999999,2.500000000000000,md,19,74,0.044890000000000,0.130000000000000,se,se609748,2016-04-07T20:03:21.890Z,"4km NNE of Greenback, Tennessee",0.400000000000000,0.700000000000000,0.289000000000000,7,se,se,Blount,Blount County,133088.000000000000000
118,127,2010-04-22T02:14:55.610Z,35.735166700000001,-84.001999999999995,1.670000000000000,2.600000000000000,mlg,23,40,0.000000000000000,0.200000000000000,se,se608193,2016-04-08T15:56:32.030Z,"3km SW of Maryville, Tennessee",0.700000000000000,2.100000000000000,0.403000000000000,9,se,se,Blount,Blount County,133088.000000000000000
119,128,2010-04-20T09:28:20.040Z,35.725166700000003,-84.001000000000005,2.240000000000000,3.300000000000000,mlg,28,41,0.000000000000000,0.160000000000000,se,se608191,2016-04-08T15:56:19.250Z,"4km SW of Maryville, Tennessee",0.400000000000000,1.200000000000000,0.272000000000000,5,se,se,Blount,Blount County,133088.000000000000000
120,134,2009-08-31T14:07:10.230Z,35.777999999999999,-84.123833300000001,14.250000000000000,3.300000000000000,md,24,79,0.000000000000000,0.150000000000000,se,se607194,2016-04-08T16:35:55.100Z,"8km SW of Louisville, Tennessee",0.300000000000000,0.600000000000000,0.064000000000000,6,se,se,Blount,Blount County,133088.000000000000000
121,137,2009-05-23T01:03:31.270Z,35.592333300000000,-84.156333300000000,7.810000000000000,2.700000000000000,md,20,64,0.087970000000000,0.140000000000000,se,se607157,2016-04-08T16:32:02.120Z,"7km E of Vonore, Tennessee",0.300000000000000,0.800000000000000,0.254000000000000,7,se,se,Blount,Blount County,133088.000000000000000
122,142,2008-10-31T16:37:33.950Z,35.767666699999999,-83.999499999999998,7.610000000000000,2.900000000000000,md,21,72,0.167100000000000,0.160000000000000,se,se606887,2016-04-08T17:19:40.550Z,"2km WNW of Maryville, Tennessee",0.400000000000000,1.300000000000000,0.140000000000000,6,se,se,Blount,Blount County,133088.000000000000000
123,148,2007-10-23T05:16:11.630Z,35.591000000000001,-84.103666700000005,21.289999999999999,2.800000000000000,md,21,58,0.000000000000000,0.070000000000000,se,se606552,2016-04-08T18:11:56.000Z,"9km SE of Greenback, Tennessee",0.500000000000000,0.700000000000000,0.163000000000000,5,se,se,Blount,Blount County,133088.000000000000000
124,166,2005-03-18T01:02:16.260Z,35.722499999999997,-84.163666699999993,9.119999999999999,2.700000000000000,mlg,14,129,0.055480000000000,0.060000000000000,se,se605921,2016-04-11T13:11:36.560Z,"6km N of Greenback, Tennessee",1.900000000000000,1.400000000000000,0.495000000000000,4,se,se,Blount,Blount County,133088.000000000000000
125,193,2000-07-11T14:59:47.730Z,35.867166699999999,-83.797166700000005,9.930000000000000,2.800000000000000,md,10,171,0.000000000000000,0.180000000000000,se,se610706,2016-04-13T18:58:51.650Z,"7km WSW of Seymour, Tennessee",2.900000000000000,4.500000000000000,0.075000000000000,6,se,se,Blount,Blount County,133088.000000000000000
126,224,1991-09-24T07:21:06.470Z,35.710999999999999,-84.094999999999999,5.000000000000000,3.300000000000000,md,0,0,0.000000000000000,1.000000000000000,us,usp0004wzj,2014-11-07T00:49:17.074Z,eastern Tennessee,0.000000000000000,0.000000000000000,0.000000000000000,0,us,tei,Blount,Blount County,133088.000000000000000
127,253,1984-03-17T23:26:11.500Z,35.814000000000000,-84.033000000000001,3.000000000000000,3.000000000000000,ml,0,0,0.000000000000000,0.000000000000000,us,usp00022qu,2014-11-07T00:34:38.409Z,eastern Tennessee,0.000000000000000,0.000000000000000,0.000000000000000,0,tei,us,Blount,Blount County,133088.000000000000000
128,275,1980-06-25T18:02:01.500Z,35.779000000000003,-84.046000000000006,5.000000000000000,3.300000000000000, ,0,0,0.000000000000000,0.000000000000000,us,usp00018fn,2014-11-06T23:24:23.647Z,eastern Tennessee,0.000000000000000,0.000000000000000,0.000000000000000,0,us,bla,Blount,Blount County,133088.000000000000000
129,276,1980-04-21T20:44:05.700Z,35.759999999999998,-84.129000000000005,5.000000000000000,2.600000000000000, ,0,0,0.000000000000000,0.000000000000000,us,usp00016sz,2014-11-06T23:24:20.655Z,eastern Tennessee,0.000000000000000,0.000000000000000,0.000000000000000,0,us,gs,Blount,Blount County,133088.000000000000000
130,277,1979-09-12T06:24:03.600Z,35.587000000000003,-83.900999999999996,5.000000000000000,3.200000000000000, ,0,0,0.000000000000000,0.000000000000000,us,usp00012wr,2014-11-06T23:22:05.381Z,eastern Tennessee,0.000000000000000,0.000000000000000,0.000000000000000,0,us,bla,Blount,Blount County,133088.000000000000000
131,292,1973-11-30T07:48:41.200Z,35.798999999999999,-83.962000000000003,3.000000000000000,4.700000000000000,mb,0,0,0.000000000000000,0.000000000000000,us,usp00004c7,2020-07-10T19:57:44.872Z,eastern Tennessee,0.000000000000000,0.000000000000000,0.000000000000000,0,s,us,Blount,Blount County,133088.000000000000000
132,293,1973-10-30T22:58:39.000Z,35.750000000000000,-84.000000000000000,33.000000000000000,3.400000000000000,lg,0,0,0.000000000000000,0.000000000000000,us,usp0000406,2014-11-06T23:21:21.092Z,eastern Tennessee,0.000000000000000,0.000000000000000,0.000000000000000,0,m,gs,Blount,Blount County,133088.000000000000000
133,233,1988-02-16T15:26:54.530Z,36.561000000000000,-82.304000000000002,5.000000000000000,3.300000000000000,mblg,0,0,0.000000000000000,0.600000000000000,us,usp0003d2x,2014-11-07T00:41:39.980Z,eastern Tennessee,0.000000000000000,0.000000000000000,0.000000000000000,0,us,bla,Sullivan,Sullivan County,158348.000000000000000
134,156,2006-06-24T21:51:30.710Z,36.322333299999997,-82.371499999999997,10.970000000000001,2.500000000000000,md,14,74,0.502900000000000,0.180000000000000,se,se606215,2016-04-08T19:03:57.460Z,"1km WNW of Johnson City, Tennessee",2.700000000000000,6.500000000000000,0.078000000000000,2,se,se,Washington,Washington County,129375.000000000000000
135,43,2018-08-29T02:45:06.020Z,35.396999999999998,-84.424000000000007,18.469999999999999,2.660000000000000,md,24,74,0.075240000000000,0.130000000000000,se,se60212667,2018-11-07T18:37:04.040Z,"6km ESE of Englewood, Tennessee",0.290000000000000,0.390000000000000,0.102000000000000,13,se,se,McMinn,McMinn County,53794.000000000000000
136,52,2017-08-07T12:04:09.220Z,35.403333300000000,-84.624833300000006,15.390000000000001,2.500000000000000,md,26,65,0.096030000000000,0.150000000000000,se,se60204051,2017-10-25T00:38:01.040Z,"5km SSW of Athens, Tennessee",0.280000000000000,0.480000000000000,0.101000000000000,19,se,se,McMinn,McMinn County,53794.000000000000000
137,68,2016-09-26T06:05:04.530Z,35.320666699999997,-84.514833300000006,5.560000000000000,2.540000000000000,md,27,51,0.049220000000000,0.140000000000000,se,se60134497,2016-12-14T03:17:50.040Z,"0km ESE of Etowah, Tennessee",0.260000000000000,0.330000000000000,0.086000000000000,12,se,se,McMinn,McMinn County,53794.000000000000000
138,85,2015-06-17T08:51:48.660Z,35.335333300000002,-84.654666700000007,23.350000000000001,2.600000000000000,md,22,74,0.109600000000000,0.170000000000000,se,se60079987,2019-10-10T15:20:42.780Z,"12km W of Etowah, Tennessee",0.280000000000000,0.530000000000000,0.097000000000000,20,se,se,McMinn,McMinn County,53794.000000000000000
139,92,2015-03-26T03:21:10.000Z,35.561666700000004,-84.658666699999998,16.289999999999999,2.580000000000000,md,25,58,0.157600000000000,0.120000000000000,se,se60072787,2019-10-10T15:16:39.230Z,"13km ENE of Decatur, Tennessee",0.260000000000000,0.640000000000000,0.059000000000000,19,se,se,McMinn,McMinn County,53794.000000000000000
140,99,2014-04-13T02:34:00.650Z,35.448666699999997,-84.466499999999996,13.880000000000001,2.800000000000000,md,23,51,0.045330000000000,0.110000000000000,se,se610621,2016-04-07T18:15:31.890Z,"3km NE of Englewood, Tennessee",0.400000000000000,0.700000000000000,0.063000000000000,5,se,se,McMinn,McMinn County,53794.000000000000000
141,159,2006-04-11T03:29:20.800Z,35.362333300000003,-84.480166699999998,19.550000000000001,3.300000000000000,md,16,77,0.041680000000000,0.090000000000000,se,se606204,2016-04-08T19:02:48.190Z,"5km NE of Etowah, Tennessee",0.400000000000000,0.900000000000000,0.061000000000000,7,se,se,McMinn,McMinn County,53794.000000000000000
142,161,2005-10-12T06:27:30.090Z,35.509333300000002,-84.544333300000005,8.119999999999999,3.300000000000000,mlg,20,63,0.000000000000000,0.120000000000000,se,se605955,2020-01-22T19:28:10.143Z,"8km NNE of Athens, Tennessee",0.600000000000000,0.800000000000000,0.514000000000000,2,se,se,McMinn,McMinn County,53794.000000000000000
143,150,2007-06-19T18:16:26.810Z,35.792499999999997,-85.361666700000001,1.170000000000000,3.500000000000000,md,23,45,0.349800000000000,0.260000000000000,se,se606532,2016-04-08T18:11:08.630Z,"10km ENE of Spencer, Tennessee",1.000000000000000,3.000000000000000,0.156000000000000,6,se,se,Van Buren,Van Buren County,5872.000000000000000
144,117,2012-06-17T18:39:38.230Z,35.170833299999998,-85.372666699999996,18.129999999999999,2.500000000000000,md,17,121,0.131600000000000,0.090000000000000,se,se610699,2016-04-07T19:58:23.250Z,"3km SSW of Lone Oak, Tennessee",0.900000000000000,1.300000000000000,0.159000000000000,6,se,se,Sequatchie,Sequatchie County,15026.000000000000000
145,41,2018-12-08T06:18:11.060Z,35.679499999999997,-84.563999999999993,21.840000000000000,2.710000000000000,md,23,63,0.086860000000000,0.110000000000000,se,se60247616,2019-02-24T01:29:39.090Z,"12km NW of Sweetwater, Tennessee",0.260000000000000,0.420000000000000,0.146000000000000,18,se,se,Roane,Roane County,53382.000000000000000
146,50,2017-10-22T10:48:16.240Z,35.784833300000003,-84.644999999999996,24.020000000000000,2.750000000000000,md,23,52,0.059170000000000,0.110000000000000,se,se60181687,2018-12-24T15:49:19.544Z,"9km SSE of Rockwood, Tennessee",0.330000000000000,0.430000000000000,0.125000000000000,18,se,se,Roane,Roane County,53382.000000000000000
147,121,2011-08-14T00:53:50.630Z,35.898166699999997,-84.431333300000006,9.760000000000000,2.600000000000000,md,17,117,0.176700000000000,0.080000000000000,se,se609210,2016-04-08T13:59:14.940Z,"7km ENE of Kingston, Tennessee",0.700000000000000,1.100000000000000,0.051000000000000,5,se,se,Roane,Roane County,53382.000000000000000
148,141,2008-11-10T02:29:00.750Z,35.765666699999997,-84.591333300000002,25.120000000000001,2.500000000000000,md,19,98,0.012470000000000,0.120000000000000,se,se606889,2016-04-08T17:19:53.450Z,"12km S of Midtown, Tennessee",0.500000000000000,0.800000000000000,0.186000000000000,8,se,se,Roane,Roane County,53382.000000000000000
149,200,1998-06-17T08:00:23.430Z,35.926000000000002,-84.405000000000001,10.000000000000000,3.300000000000000,mb,0,0,0.000000000000000,0.880000000000000,us,usp0008q0t,2014-11-07T01:05:25.194Z,eastern Tennessee,0.000000000000000,0.000000000000000,0.000000000000000,2,us,us,Roane,Roane County,53382.000000000000000
150,262,1982-09-24T22:19:21.500Z,35.859999999999999,-84.459999999999994,10.000000000000000,2.700000000000000,md,0,0,0.000000000000000,0.000000000000000,se,se601801,2016-04-14T19:18:03.750Z,"4km ESE of Kingston, Tennessee",0.000000000000000,0.000000000000000,0.000000000000000,0,se,se,Roane,Roane County,53382.000000000000000
151,287,1975-05-02T16:22:58.700Z,35.920999999999999,-84.445999999999998,15.000000000000000,2.600000000000000,lg,0,0,0.000000000000000,0.000000000000000,us,usp0000aw0,2014-11-06T23:21:30.150Z,eastern Tennessee,0.000000000000000,0.000000000000000,0.000000000000000,0,us,slm,Roane,Roane County,53382.000000000000000
152,298,1928-11-03T04:02:50.200Z,36.112000000000002,-82.828000000000003,5.000000000000000,4.500000000000000,lg,0,0,0.000000000000000,0.000000000000000,ushis,ushis794,2018-06-04T20:43:44.000Z,eastern Tennessee,0.000000000000000,0.000000000000000,0.000000000000000,0,ushis,dg,Greene,Greene County,69069.000000000000000
153,20,2019-06-01T18:45:22.830Z,35.462333299999997,-86.042166699999996,6.450000000000000,2.550000000000000,md,20,96,0.261800000000000,0.100000000000000,se,se60248922,2019-08-24T21:17:45.040Z,"3km ESE of Manchester, Tennessee",0.310000000000000,1.440000000000000,0.048000000000000,14,se,se,Coffee,Coffee County,56520.000000000000000
154,245,1986-07-25T23:15:47.000Z,35.659999999999997,-87.939999999999998,3.300000000000000,2.500000000000000,md,0,0,0.000000000000000,0.000000000000000,se,se602883,2016-04-14T19:20:35.740Z,"10km WNW of Linden, Tennessee",0.000000000000000,0.000000000000000,0.000000000000000,0,se,se,Perry,Perry County,8076.000000000000000
155,187,2001-07-08T03:05:11.100Z,35.880000000000003,-86.799999999999997,0.000000000000000,2.600000000000000,md,10,0,0.000000000000000,0.000000000000000,us,usp000aj6k,2014-11-07T01:13:15.794Z,Tennessee,0.000000000000000,0.000000000000000,0.000000000000000,0,tva,tva,Williamson,Williamson County,238412.000000000000000
156,286,1975-05-14T23:03:05.900Z,35.947000000000003,-85.248999999999995,5.000000000000000,2.700000000000000,lg,0,0,0.000000000000000,0.000000000000000,us,usp0000b1h,2014-11-06T23:21:30.327Z,Tennessee,0.000000000000000,0.000000000000000,0.000000000000000,0,us,slm,Cumberland,Cumberland County,60520.000000000000000
157,18,2019-08-05T03:11:59.060Z,36.038499999999999,-83.739500000000007,7.410000000000000,2.600000000000000,md,29,67,0.164300000000000,0.160000000000000,se,se60259057,2019-10-19T21:42:11.040Z,"3km SSE of Mascot, Tennessee",0.280000000000000,1.280000000000000,0.047000000000000,20,se,se,Knox,Knox County,470313.000000000000000
158,24,2019-05-08T17:31:46.060Z,35.918166700000000,-84.219166700000002,12.050000000000001,2.570000000000000,md,18,87,0.205000000000000,0.170000000000000,se,se60270626,2019-08-01T17:15:05.040Z,"7km NW of Farragut, Tennessee",0.360000000000000,1.240000000000000,0.029000000000000,13,se,se,Knox,Knox County,470313.000000000000000
159,37,2018-12-16T04:12:02.030Z,36.038333299999998,-83.695499999999996,19.690000000000001,3.010000000000000,md,25,44,0.190900000000000,0.190000000000000,se,se60222112,2019-03-05T21:06:28.148Z,"5km ESE of Mascot, Tennessee",0.290000000000000,0.750000000000000,0.091000000000000,22,se,se,Knox,Knox County,470313.000000000000000
160,38,2018-12-13T18:46:16.150Z,36.146833299999997,-83.752333300000004,4.760000000000000,2.650000000000000,md,14,74,0.104400000000000,0.130000000000000,se,se60070923,2019-03-05T21:40:21.893Z,"4km W of Blaine, Tennessee",0.260000000000000,0.660000000000000,0.014000000000000,8,se,se,Knox,Knox County,470313.000000000000000
161,47,2018-04-25T07:56:16.530Z,36.026166699999997,-83.789166699999996,8.240000000000000,2.740000000000000,md,27,44,0.241800000000000,0.210000000000000,se,se60197292,2019-03-05T21:05:49.918Z,"5km SW of Mascot, Tennessee",0.300000000000000,1.530000000000000,0.058000000000000,24,se,se,Knox,Knox County,470313.000000000000000
162,51,2017-08-25T20:16:26.620Z,35.934333299999999,-84.030166699999995,10.680000000000000,2.660000000000000,md,34,54,0.051120000000000,0.160000000000000,se,se60178202,2017-11-22T03:43:33.040Z,"10km WSW of Knoxville, Tennessee",0.230000000000000,0.490000000000000,0.136000000000000,19,se,se,Knox,Knox County,470313.000000000000000
163,72,2016-05-08T09:09:55.970Z,36.114500000000000,-83.782499999999999,16.129999999999999,2.650000000000000,md,27,50,0.089960000000000,0.160000000000000,se,se60115062,2019-01-20T12:43:19.218Z,"6km NNW of Mascot, Tennessee",0.260000000000000,0.510000000000000,0.076000000000000,17,se,se,Knox,Knox County,470313.000000000000000
164,152,2007-01-03T23:05:44.730Z,35.916166699999998,-83.954833300000004,15.279999999999999,2.700000000000000,md,21,65,0.019570000000000,0.090000000000000,se,se606486,2016-04-08T18:05:01.190Z,"5km SSW of Knoxville, Tennessee",0.500000000000000,1.200000000000000,0.331000000000000,6,se,se,Knox,Knox County,470313.000000000000000
165,199,1998-10-31T01:12:24.390Z,36.119999999999997,-83.700000000000003,9.000000000000000,2.600000000000000,md,0,0,0.000000000000000,0.000000000000000,us,usp0008xay,2014-11-07T01:06:18.697Z,eastern Tennessee,0.000000000000000,0.000000000000000,0.000000000000000,0,tva,tva,Knox,Knox County,470313.000000000000000
166,228,1989-12-02T13:31:45.250Z,36.003999999999998,-83.855000000000004,5.000000000000000,2.900000000000000,mblg,0,0,0.000000000000000,0.500000000000000,us,usp00042nh,2014-11-07T00:45:18.030Z,eastern Tennessee,0.000000000000000,0.000000000000000,0.000000000000000,0,us,us,Knox,Knox County,470313.000000000000000
167,239,1987-07-11T02:48:05.980Z,36.100000000000001,-83.819999999999993,24.199999999999999,3.300000000000000,md,0,0,0.000000000000000,0.000000000000000,us,usp00036ja,2014-11-07T00:40:40.442Z,eastern Tennessee,0.000000000000000,0.000000000000000,0.000000000000000,0,tei,tei,Knox,Knox County,470313.000000000000000
168,240,1987-07-11T00:04:29.460Z,36.103000000000002,-83.816999999999993,25.600000000000001,3.600000000000000,md,0,0,0.000000000000000,0.000000000000000,us,usp00036j4,2014-11-07T00:40:40.413Z,eastern Tennessee,0.000000000000000,0.000000000000000,0.000000000000000,0,tei,tei,Knox,Knox County,470313.000000000000000
169,254,1984-02-14T20:54:31.000Z,36.121000000000002,-83.734999999999999,8.199999999999999,3.700000000000000,md,0,0,0.000000000000000,0.000000000000000,us,usp00021zh,2018-06-04T20:43:45.000Z,eastern Tennessee,0.000000000000000,0.000000000000000,0.000000000000000,0,tei,tei,Knox,Knox County,470313.000000000000000
170,190,2001-04-13T16:36:20.790Z,36.530000000000001,-83.340000000000003,0.000000000000000,3.000000000000000,md,16,0,0.000000000000000,0.000000000000000,us,usp000ad5y,2014-11-07T01:12:34.545Z,eastern Tennessee,0.000000000000000,0.000000000000000,0.000000000000000,0,tva,tva,Hancock,Hancock County,6620.000000000000000
171,160,2006-03-11T02:37:19.830Z,35.196166699999999,-88.012333299999995,1.620000000000000,2.700000000000000,md,26,76,0.000000000000000,0.230000000000000,se,se606195,2016-04-08T19:01:51.700Z,"17km E of Olivet, Tennessee",1.300000000000000,2.300000000000000,0.424000000000000,2,se,se,Hardin,Hardin County,25652.000000000000000
172,176,2003-12-11T04:14:13.520Z,35.159999999999997,-88.078833299999999,2.150000000000000,2.700000000000000,md,16,95,0.177200000000000,0.140000000000000,se,se605387,2016-04-11T14:32:56.860Z,"12km ESE of Olivet, Tennessee",0.700000000000000,1.000000000000000,0.510000000000000,1,se,se,Hardin,Hardin County,25652.000000000000000
173,208,1996-06-14T23:00:13.000Z,35.380000000000003,-88.140000000000001,5.000000000000000,2.500000000000000,md,0,0,0.000000000000000,0.000000000000000,se,se604172,2017-08-31T18:13:23.930Z,"13km W of Clifton, Tennessee",0.000000000000000,0.000000000000000,0.000000000000000,0,se,se,Hardin,Hardin County,25652.000000000000000
174,19,2019-07-17T15:23:28.230Z,36.390666699999997,-83.647166700000000,13.130000000000001,2.950000000000000,md,34,41,0.152100000000000,0.160000000000000,se,se60281976,2020-01-21T12:03:40.865Z,"8km SW of New Tazewell, Tennessee",0.280000000000000,0.520000000000000,0.122000000000000,29,se,se,Claiborne,Claiborne County,31959.000000000000000
175,82,2015-07-21T03:10:45.340Z,36.458833300000002,-83.746499999999997,10.460000000000001,2.660000000000000,md,25,82,0.180400000000000,0.180000000000000,se,se60109776,2019-10-10T15:21:59.950Z,"12km W of New Tazewell, Tennessee",0.340000000000000,1.240000000000000,0.061000000000000,17,se,se,Claiborne,Claiborne County,31959.000000000000000
176,204,1997-07-30T12:29:23.380Z,36.436000000000000,-83.509000000000000,5.000000000000000,3.800000000000000,mblg,0,0,0.000000000000000,0.980000000000000,us,usp00085jy,2014-11-07T01:03:11.962Z,eastern Tennessee,0.000000000000000,0.000000000000000,0.000000000000000,0,us,us,Claiborne,Claiborne County,31959.000000000000000
177,295,1956-09-07T13:35:51.200Z,36.445000000000000,-83.787000000000006,5.000000000000000,4.100000000000000,fa,0,0,0.000000000000000,0.000000000000000,ushis,ushis2101,2018-06-04T20:43:44.000Z,eastern Tennessee,0.000000000000000,0.000000000000000,0.000000000000000,0,ushis,sc,Claiborne,Claiborne County,31959.000000000000000
178,77,2015-12-10T05:58:49.480Z,35.581333299999997,-84.979333299999993,21.890000000000001,2.600000000000000,md,25,40,0.128700000000000,0.140000000000000,se,se60097782,2019-10-10T15:26:28.070Z,"9km NNE of Dayton, Tennessee",0.360000000000000,0.580000000000000,0.147000000000000,15,se,se,Rhea,Rhea County,33167.000000000000000
179,90,2015-04-11T03:49:47.230Z,35.496333300000003,-84.990166700000003,14.039999999999999,2.630000000000000,md,28,43,0.083270000000000,0.130000000000000,se,se60097601,2019-10-10T15:17:43.520Z,"2km E of Dayton, Tennessee",0.230000000000000,0.420000000000000,0.167000000000000,20,se,se,Rhea,Rhea County,33167.000000000000000
180,96,2014-06-08T12:12:04.930Z,35.530333300000002,-85.089833299999995,13.760000000000000,2.800000000000000,md,21,70,0.039290000000000,0.140000000000000,se,se610632,2016-04-07T18:16:41.640Z,"8km WNW of Dayton, Tennessee",0.400000000000000,0.600000000000000,0.409000000000000,9,se,se,Rhea,Rhea County,33167.000000000000000
181,109,2013-04-18T04:06:17.800Z,35.559333299999999,-85.077833299999995,21.660000000000000,2.500000000000000,md,15,82,0.069160000000000,0.110000000000000,se,se610173,2016-04-07T19:08:10.200Z,"9km NW of Dayton, Tennessee",0.600000000000000,1.000000000000000,0.231000000000000,7,se,se,Rhea,Rhea County,33167.000000000000000
182,123,2011-04-24T10:09:16.770Z,35.578833299999999,-85.000333299999994,18.559999999999999,2.500000000000000,md,18,86,0.115200000000000,0.100000000000000,se,se609187,2016-04-08T13:56:49.130Z,"9km N of Dayton, Tennessee",0.600000000000000,1.100000000000000,0.142000000000000,6,se,se,Rhea,Rhea County,33167.000000000000000
183,154,2006-10-02T19:56:19.210Z,35.468166699999998,-84.983500000000006,8.740000000000000,2.500000000000000,md,12,81,0.091440000000000,0.060000000000000,se,se606233,2016-04-08T19:05:50.720Z,"3km SE of Dayton, Tennessee",1.200000000000000,2.400000000000000,0.183000000000000,2,se,se,Rhea,Rhea County,33167.000000000000000
184,6,2020-04-10T18:03:12.230Z,36.248500000000000,-89.400833300000002,5.790000000000000,2.730000000000000,md,55,61,0.024160000000000,0.170000000000000,nm,nm60286767,2020-06-30T14:02:52.040Z,"7km ESE of Ridgely, Tennessee",0.230000000000000,0.450000000000000,0.121000000000000,38,nm,nm,Obion,Obion County,30069.000000000000000
185,27,2019-04-16T11:23:58.920Z,36.214833300000002,-89.457999999999998,9.320000000000000,2.800000000000000,md,49,31,0.034050000000000,0.150000000000000,nm,nm60266676,2019-06-26T20:54:43.040Z,"4km SSE of Ridgely, Tennessee",0.230000000000000,0.510000000000000,0.137000000000000,48,nm,nm,Obion,Obion County,30069.000000000000000
186,83,2015-07-18T13:30:28.730Z,36.264166699999997,-89.304166699999996,4.160000000000000,2.620000000000000,md,49,103,0.013930000000000,0.140000000000000,nm,nm60109371,2019-10-10T14:48:32.470Z,"10km W of Obion, Tennessee",0.190000000000000,0.180000000000000,0.077000000000000,22,nm,nm,Obion,Obion County,30069.000000000000000
187,89,2015-05-01T23:41:31.240Z,36.217833300000002,-89.413166700000005,7.040000000000000,2.940000000000000,md,48,55,0.013660000000000,0.110000000000000,nm,nm60099616,2019-10-10T14:38:10.240Z,"8km SE of Ridgely, Tennessee",0.190000000000000,0.410000000000000,0.070000000000000,24,nm,nm,Obion,Obion County,30069.000000000000000
188,100,2014-04-07T06:24:12.920Z,36.216166700000002,-89.410166700000005,6.280000000000000,3.100000000000000,md,22,67,0.016270000000000,0.030000000000000,nm,nm610334,2016-04-07T17:43:35.300Z,"8km SE of Ridgely, Tennessee",0.300000000000000,0.700000000000000,0.083000000000000,14,nm,nm,Obion,Obion County,30069.000000000000000
189,105,2013-08-12T21:43:24.300Z,36.261000000000003,-89.301333299999996,4.400000000000000,3.300000000000000,md,34,103,0.013410000000000,0.110000000000000,nm,nm610016,2016-04-07T18:51:30.370Z,"9km W of Obion, Tennessee",0.500000000000000,1.200000000000000,0.189000000000000,7,nm,nm,Obion,Obion County,30069.000000000000000
190,106,2013-08-09T03:24:53.960Z,36.263500000000001,-89.299833300000003,4.070000000000000,2.800000000000000,md,25,120,0.011030000000000,0.100000000000000,nm,nm610008,2016-04-07T18:50:38.460Z,"9km W of Obion, Tennessee",0.500000000000000,0.400000000000000,0.061000000000000,6,nm,nm,Obion,Obion County,30069.000000000000000
191,111,2013-01-07T18:29:13.030Z,36.223833300000003,-89.435833299999999,6.270000000000000,2.600000000000000,md,27,56,0.014000000000000,0.040000000000000,nm,nm609759,2016-04-07T18:24:11.590Z,"6km SE of Ridgely, Tennessee",0.300000000000000,0.700000000000000,0.251000000000000,8,nm,nm,Obion,Obion County,30069.000000000000000
192,119,2012-03-01T23:45:40.320Z,36.268833299999997,-89.372833299999996,13.529999999999999,2.700000000000000,md,43,72,0.056210000000000,0.080000000000000,nm,nm609355,2016-04-07T19:21:30.050Z,"10km E of Ridgely, Tennessee",0.300000000000000,0.500000000000000,0.209000000000000,6,nm,nm,Obion,Obion County,30069.000000000000000
193,126,2010-06-09T18:40:16.020Z,36.248666700000001,-89.402833299999998,5.210000000000000,2.500000000000000,md,24,87,0.000000000000000,0.080000000000000,nm,nm607376,2016-04-08T14:30:53.760Z,"7km ESE of Ridgely, Tennessee",0.400000000000000,0.800000000000000,0.307000000000000,9,nm,nm,Obion,Obion County,30069.000000000000000
194,129,2009-11-27T12:10:02.480Z,36.240000000000002,-89.436333300000001,7.840000000000000,2.500000000000000,md,31,50,0.015960000000000,0.050000000000000,nm,nm607088,2016-04-08T16:45:37.400Z,"5km ESE of Ridgely, Tennessee",0.200000000000000,0.500000000000000,0.221000000000000,10,nm,nm,Obion,Obion County,30069.000000000000000
195,136,2009-07-18T21:18:18.890Z,36.226666700000003,-89.454833300000004,5.800000000000000,2.600000000000000,md,28,40,0.026650000000000,0.040000000000000,nm,nm606986,2016-04-08T16:13:45.910Z,"5km SE of Ridgely, Tennessee",0.300000000000000,0.700000000000000,0.064000000000000,7,nm,nm,Obion,Obion County,30069.000000000000000
196,171,2004-06-12T13:05:31.580Z,36.242500000000000,-89.294166700000005,8.350000000000000,2.500000000000000,md,27,151,0.026910000000000,0.070000000000000,nm,nm605491,2016-04-11T13:30:47.640Z,"9km W of Obion, Tennessee",0.500000000000000,0.900000000000000,0.113000000000000,6,nm,nm,Obion,Obion County,30069.000000000000000
197,186,2001-07-14T22:40:28.220Z,36.262333300000002,-89.424166700000001,6.580000000000000,2.700000000000000,md,28,47,0.002644000000000,0.060000000000000,nm,nm604880,2016-11-17T13:22:06.080Z,"5km E of Ridgely, Tennessee",0.400000000000000,0.800000000000000,0.099000000000000,11,nm,nm,Obion,Obion County,30069.000000000000000
198,188,2001-07-07T20:45:42.810Z,36.274333300000002,-89.401666700000007,13.410000000000000,3.000000000000000,mlg,40,71,0.019290000000000,0.060000000000000,nm,nm604875,2020-02-12T19:14:35.991Z,"7km E of Ridgely, Tennessee",0.400000000000000,0.700000000000000,0.241000000000000,18,nm,nm,Obion,Obion County,30069.000000000000000
199,189,2001-05-23T10:56:31.860Z,36.239833300000001,-89.319166699999997,13.710000000000001,2.700000000000000,md,28,104,0.038490000000000,0.090000000000000,nm,nm604847,2016-11-17T13:18:33.940Z,"11km W of Obion, Tennessee",0.600000000000000,0.800000000000000,0.138000000000000,20,nm,nm,Obion,Obion County,30069.000000000000000
200,196,2000-01-26T00:21:48.710Z,36.217166700000000,-89.408833299999998,7.010000000000000,2.800000000000000,md,33,62,0.046790000000000,0.060000000000000,nm,nm604560,2016-04-13T18:41:23.450Z,"8km SE of Ridgely, Tennessee",0.300000000000000,0.900000000000000,0.133000000000000,12,nm,nm,Obion,Obion County,30069.000000000000000
201,212,1995-06-06T21:27:11.800Z,36.219999999999999,-89.469999999999999,5.000000000000000,3.100000000000000,md,0,0,0.000000000000000,0.000000000000000,us,usp0006yq4,2014-11-07T00:58:06.696Z,Tennessee,0.000000000000000,0.000000000000000,0.000000000000000,0,slm,slm,Obion,Obion County,30069.000000000000000
202,229,1989-12-01T09:26:51.300Z,36.216000000000001,-89.439999999999998,8.699999999999999,2.700000000000000,md,0,0,0.000000000000000,0.000000000000000,nm,nm603549,2016-04-14T18:23:43.030Z,"6km SE of Ridgely, Tennessee",0.000000000000000,0.000000000000000,0.000000000000000,0,nm,nm,Obion,Obion County,30069.000000000000000
203,232,1988-03-19T22:32:23.290Z,36.220999999999997,-89.468999999999994,11.800000000000001,2.600000000000000,md,0,0,0.000000000000000,0.000000000000000,nm,nm603304,2016-04-14T17:59:23.900Z,"5km SSE of Ridgely, Tennessee",0.000000000000000,0.000000000000000,0.000000000000000,0,nm,nm,Obion,Obion County,30069.000000000000000
204,260,1982-10-17T19:53:43.040Z,36.240000000000002,-89.420000000000002,5.000000000000000,2.600000000000000,md,0,0,0.000000000000000,0.000000000000000,nm,nm601834,2016-04-14T15:34:59.510Z,"6km ESE of Ridgely, Tennessee",0.000000000000000,0.000000000000000,0.000000000000000,0,nm,nm,Obion,Obion County,30069.000000000000000
205,281,1978-01-18T23:46:26.100Z,36.250000000000000,-89.420000000000002,5.000000000000000,2.600000000000000,mlg,0,0,0.000000000000000,0.000000000000000,nm,nm600655,2016-04-14T13:34:45.990Z,"6km ESE of Ridgely, Tennessee",0.000000000000000,0.000000000000000,0.000000000000000,0,nm,nm,Obion,Obion County,30069.000000000000000
206,282,1977-10-04T05:36:20.900Z,36.240000000000002,-89.349999999999994,5.000000000000000,3.000000000000000,mlg,0,0,0.000000000000000,0.000000000000000,nm,nm600621,2016-04-14T13:31:19.210Z,"12km ESE of Ridgely, Tennessee",0.000000000000000,0.000000000000000,0.000000000000000,0,nm,nm,Obion,Obion County,30069.000000000000000
207,4,2020-04-29T09:13:49.750Z,36.303666700000001,-83.463833300000005,15.000000000000000,2.500000000000000,md,22,52,0.025270000000000,0.190000000000000,se,se60289532,2020-08-09T16:06:20.713Z,"4km ENE of Rutledge, Tennessee",0.450000000000000,0.780000000000000,0.078000000000000,16,se,se,Grainger,Grainger County,23320.000000000000000
208,32,2019-02-04T23:01:34.050Z,36.281666700000002,-83.474333299999998,10.070000000000000,2.500000000000000,md,4,138,0.045260000000000,0.060000000000000,se,se60074023,2019-02-05T14:20:02.280Z,"3km E of Rutledge, Tennessee",0.440000000000000,0.650000000000000,0.000000000000000,0,se,se,Grainger,Grainger County,23320.000000000000000
209,33,2019-02-04T23:01:26.230Z,36.280166700000002,-83.475833300000005,11.460000000000001,2.510000000000000,md,19,55,0.046740000000000,0.140000000000000,se,se60254776,2019-04-18T19:09:20.040Z,"3km E of Rutledge, Tennessee",0.270000000000000,0.500000000000000,0.060000000000000,13,se,se,Grainger,Grainger County,23320.000000000000000
210,46,2018-04-29T22:32:08.320Z,36.296833300000003,-83.389499999999998,21.170000000000002,3.100000000000000,md,30,50,0.076070000000000,0.150000000000000,se,se60197892,2019-02-23T08:49:19.978Z,"10km WSW of Bean Station, Tennessee",0.220000000000000,0.490000000000000,0.058000000000000,25,se,se,Grainger,Grainger County,23320.000000000000000
211,56,2017-07-17T12:44:57.200Z,36.125666699999996,-83.702666699999995,9.940000000000000,2.780000000000000,md,35,40,0.147400000000000,0.200000000000000,se,se60202391,2017-10-11T01:03:51.040Z,"3km S of Blaine, Tennessee",0.250000000000000,0.550000000000000,0.040000000000000,19,se,se,Grainger,Grainger County,23320.000000000000000
212,165,2005-04-05T20:37:42.570Z,36.146500000000003,-83.693333300000006,10.000000000000000,2.900000000000000,md,14,132,0.152000000000000,0.090000000000000,se,se605925,2016-04-11T13:12:01.600Z,"1km SE of Blaine, Tennessee",2.800000000000000,5.200000000000000,0.094000000000000,4,se,se,Grainger,Grainger County,23320.000000000000000
213,168,2004-11-17T05:09:15.430Z,36.248833300000001,-83.526666700000007,9.609999999999999,2.500000000000000,md,17,167,0.088100000000000,0.110000000000000,se,se605658,2016-04-11T13:48:29.870Z,"3km SSW of Rutledge, Tennessee",3.400000000000000,4.200000000000000,0.165000000000000,2,se,se,Grainger,Grainger County,23320.000000000000000
214,300,1913-03-28T21:50:00.000Z,36.200000000000003,-83.700000000000003,0.000000000000000,4.100000000000000,fa,0,0,0.000000000000000,0.000000000000000,ushis,ushis545,2018-06-04T20:43:44.000Z,eastern Tennessee,0.000000000000000,0.000000000000000,0.000000000000000,0,ushis,sc,Grainger,Grainger County,23320.000000000000000
215,70,2016-06-17T14:38:15.320Z,35.350166700000003,-84.873166699999999,17.960000000000001,2.590000000000000,md,33,53,0.219300000000000,0.130000000000000,se,se60147326,2016-08-27T02:15:26.040Z,"12km N of Hopewell, Tennessee",0.200000000000000,0.570000000000000,0.146000000000000,19,se,se,Bradley,Bradley County,108110.000000000000000
216,78,2015-11-07T14:32:20.350Z,35.054333300000003,-84.860833299999996,10.440000000000000,2.590000000000000,md,23,54,0.247000000000000,0.100000000000000,se,se60095277,2019-10-10T15:25:17.200Z,"4km S of Wildwood Lake, Tennessee",0.210000000000000,1.630000000000000,0.074000000000000,20,se,se,Bradley,Bradley County,108110.000000000000000
217,104,2013-12-10T23:49:31.040Z,34.994666700000003,-84.811833300000004,8.430000000000000,2.800000000000000,mlg,23,51,0.170900000000000,0.090000000000000,se,se610245,2016-04-07T19:15:44.980Z,"11km SSE of Wildwood Lake, Tennessee",0.700000000000000,1.100000000000000,0.264000000000000,9,se,se,Bradley,Bradley County,108110.000000000000000
218,131,2009-11-01T17:01:26.310Z,35.136833299999999,-84.854333299999993,24.510000000000002,3.000000000000000,mlg,24,63,0.000000000000000,0.150000000000000,se,se607215,2016-04-08T16:38:07.290Z,"1km ESE of South Cleveland, Tennessee",0.400000000000000,1.000000000000000,0.802000000000000,7,se,se,Bradley,Bradley County,108110.000000000000000
219,195,2000-05-15T15:05:34.260Z,35.191499999999998,-84.882666700000001,5.290000000000000,2.800000000000000,md,11,89,0.000000000000000,0.080000000000000,se,se604609,2016-04-13T18:58:26.610Z,"3km N of Cleveland, Tennessee",0.600000000000000,4.900000000000000,0.097000000000000,7,se,se,Bradley,Bradley County,108110.000000000000000
220,205,1997-07-19T17:06:34.320Z,35.055999999999997,-84.808000000000007,10.000000000000000,3.500000000000000,mblg,0,0,0.000000000000000,0.390000000000000,us,usp0008520,2014-11-07T01:03:09.419Z,eastern Tennessee,0.000000000000000,0.000000000000000,0.000000000000000,0,us,us,Bradley,Bradley County,108110.000000000000000
221,221,1993-01-15T02:02:51.830Z,35.075000000000003,-84.974000000000004,1.800000000000000,3.200000000000000,md,0,0,0.000000000000000,0.000000000000000,us,usp0005kst,2014-11-07T00:52:14.073Z,eastern Tennessee,0.000000000000000,0.000000000000000,0.000000000000000,0,tei,tei,Bradley,Bradley County,108110.000000000000000
222,246,1986-07-11T14:26:18.500Z,35.109999999999999,-84.980000000000004,5.000000000000000,3.300000000000000,md,0,0,0.000000000000000,0.000000000000000,se,se602863,2020-09-18T23:06:20.438Z,"8km NE of Collegedale, Tennessee",0.000000000000000,0.000000000000000,0.000000000000000,0,se,se,Bradley,Bradley County,108110.000000000000000
223,76,2015-12-28T08:03:43.110Z,35.366833300000003,-90.073166700000002,4.710000000000000,2.500000000000000,md,32,61,0.045140000000000,0.180000000000000,nm,nm60099402,2019-10-10T15:12:02.210Z,"16km W of Millington, Tennessee",0.250000000000000,0.530000000000000,0.098000000000000,14,nm,nm,Shelby,Shelby County,937166.000000000000000
224,80,2015-08-07T21:23:39.130Z,35.367833300000001,-90.072500000000005,4.220000000000000,3.030000000000000,md,67,40,0.044820000000000,0.220000000000000,nm,nm60086257,2019-10-10T14:50:46.030Z,"16km W of Millington, Tennessee",0.230000000000000,0.490000000000000,0.103000000000000,51,nm,nm,Shelby,Shelby County,937166.000000000000000
225,14,2020-01-04T13:53:14.420Z,35.533999999999999,-84.726166699999993,15.930000000000000,2.520000000000000,md,21,43,0.186500000000000,0.140000000000000,se,se60272552,2020-03-21T17:13:22.040Z,"5km ENE of Decatur, Tennessee",0.310000000000000,0.820000000000000,0.209000000000000,21,se,se,Meigs,Meigs County,12422.000000000000000
226,39,2018-12-12T09:27:07.940Z,35.602499999999999,-84.736000000000004,5.840000000000000,2.960000000000000,md,22,43,0.180800000000000,0.160000000000000,se,se60247876,2019-02-16T22:29:05.040Z,"10km NNE of Decatur, Tennessee",0.280000000000000,1.670000000000000,0.145000000000000,19,se,se,Meigs,Meigs County,12422.000000000000000
227,40,2018-12-12T09:14:43.610Z,35.612333300000003,-84.731999999999999,7.870000000000000,4.400000000000000,mw,32,40,0.000000000000000,0.140000000000000,se,se60247871,2020-03-21T11:24:59.986Z,"12km NNE of Decatur, Tennessee",0.220000000000000,0.660000000000000,0.000000000000000,0,se,se,Meigs,Meigs County,12422.000000000000000
228,44,2018-06-10T11:51:57.850Z,35.606333300000003,-84.726833299999996,4.630000000000000,2.650000000000000,md,21,42,0.201100000000000,0.160000000000000,se,se60204617,2018-12-12T13:15:15.934Z,"11km NNE of Decatur, Tennessee",0.340000000000000,0.820000000000000,0.063000000000000,14,se,se,Meigs,Meigs County,12422.000000000000000
229,192,2001-03-07T17:12:24.020Z,35.530166700000002,-84.843166699999998,18.039999999999999,3.200000000000000,mlg,12,62,0.000000000000000,0.090000000000000,se,se604764,2020-02-12T19:15:36.879Z,"5km WNW of Decatur, Tennessee",0.500000000000000,1.700000000000000,0.791000000000000,2,se,se,Meigs,Meigs County,12422.000000000000000
230,214,1995-03-18T22:06:21.000Z,35.424999999999997,-84.921999999999997,17.000000000000000,3.300000000000000,md,0,0,0.000000000000000,0.000000000000000,us,usp0006uck,2014-11-07T00:57:31.822Z,eastern Tennessee,0.000000000000000,0.000000000000000,0.000000000000000,0,tva,tva,Meigs,Meigs County,12422.000000000000000
231,248,1986-01-07T01:26:43.680Z,35.606000000000002,-84.759000000000000,20.600000000000001,3.200000000000000,md,0,0,0.000000000000000,0.000000000000000,us,usp0002pua,2014-11-07T00:37:45.459Z,eastern Tennessee,0.000000000000000,0.000000000000000,0.000000000000000,0,tei,tei,Meigs,Meigs County,12422.000000000000000
232,269,1981-11-25T11:54:26.000Z,35.640000000000001,-84.629999999999995,8.600000000000000,2.600000000000000,mblg,0,0,0.000000000000000,0.000000000000000,us,usp0001h4w,2014-11-07T00:30:25.306Z,eastern Tennessee,0.000000000000000,0.000000000000000,0.000000000000000,0,tei,us,Meigs,Meigs County,12422.000000000000000
233,268,1982-01-02T02:00:25.760Z,35.189999999999998,-86.439999999999998,7.000000000000000,2.900000000000000,mblg,0,0,0.000000000000000,0.000000000000000,us,usp0001hum,2014-11-07T00:30:36.803Z,Tennessee,0.000000000000000,0.000000000000000,0.000000000000000,0,tei,us,Lincoln,Lincoln County,34366.000000000000000
234,103,2014-03-02T16:30:50.350Z,35.594833299999998,-85.388000000000005,18.399999999999999,2.500000000000000,md,14,103,0.262700000000000,0.130000000000000,se,se610613,2016-04-07T18:14:40.920Z,"17km W of Pikeville, Tennessee",0.900000000000000,2.200000000000000,0.136000000000000,6,se,se,Bledsoe,Bledsoe County,15064.000000000000000
235,124,2010-10-31T16:53:29.030Z,36.508833299999999,-81.717666699999995,3.730000000000000,2.900000000000000,mlg,32,87,0.000000000000000,0.210000000000000,se,se608227,2016-04-08T16:00:07.820Z,"8km ENE of Mountain City, Tennessee",1.100000000000000,1.400000000000000,0.279000000000000,3,se,se,Johnson,Johnson County,17788.000000000000000
236,125,2010-08-30T16:31:03.250Z,36.488833300000003,-81.725166700000003,10.570000000000000,2.700000000000000,md,26,56,0.000000000000000,0.570000000000000,se,se608217,2016-04-08T15:59:04.200Z,"7km ENE of Mountain City, Tennessee",1.100000000000000,2.500000000000000,0.322000000000000,3,se,se,Johnson,Johnson County,17788.000000000000000
237,210,1995-07-07T21:01:02.890Z,36.515000000000001,-81.873000000000005,11.600000000000000,3.100000000000000,mblg,0,0,0.000000000000000,0.000000000000000,us,usp00070a6,2014-11-07T00:58:19.009Z,eastern Tennessee,0.000000000000000,0.000000000000000,0.000000000000000,0,bla,bla,Johnson,Johnson County,17788.000000000000000
238,0,2020-08-03T02:03:41.460Z,35.918333300000000,-83.643500000000003,17.350000000000001,2.610000000000000,md,28,45,0.263100000000000,0.200000000000000,se,se60323696,2020-10-10T17:11:10.040Z,"7 km ENE of Seymour, Tennessee",0.280000000000000,1.080000000000000,0.069000000000000,25,se,se,Sevier,Sevier County,98250.000000000000000
239,53,2017-08-04T00:40:14.830Z,35.945000000000000,-83.561166700000001,10.330000000000000,2.700000000000000,md,33,46,0.106900000000000,0.120000000000000,se,se60203766,2017-10-18T01:54:17.040Z,"8km N of Sevierville, Tennessee",0.190000000000000,0.480000000000000,0.080000000000000,23,se,se,Sevier,Sevier County,98250.000000000000000
240,69,2016-09-07T00:07:27.880Z,35.896166700000002,-83.680999999999997,23.789999999999999,2.530000000000000,md,21,59,0.087930000000000,0.180000000000000,se,se60158301,2016-12-03T02:54:46.040Z,"5km ENE of Seymour, Tennessee",0.310000000000000,0.600000000000000,0.192000000000000,13,se,se,Sevier,Sevier County,98250.000000000000000
241,91,2015-04-09T20:02:51.840Z,35.657499999999999,-83.611833300000001,3.250000000000000,2.560000000000000,md,23,51,0.132100000000000,0.320000000000000,se,se60097411,2019-10-10T15:17:36.890Z,"11km WSW of Gatlinburg, Tennessee",0.540000000000000,1.930000000000000,0.067000000000000,12,se,se,Sevier,Sevier County,98250.000000000000000
242,113,2012-11-24T14:56:04.800Z,35.912833300000003,-83.497333299999994,8.800000000000001,2.500000000000000,md,18,72,0.107000000000000,0.190000000000000,se,se609743,2016-04-07T20:02:50.330Z,"7km NE of Sevierville, Tennessee",0.800000000000000,2.000000000000000,0.199000000000000,4,se,se,Sevier,Sevier County,98250.000000000000000
243,114,2012-11-24T11:03:13.480Z,35.918666700000003,-83.501166699999999,7.020000000000000,3.000000000000000,mlg,23,51,0.000000000000000,0.140000000000000,se,se609741,2016-04-07T20:02:37.530Z,"7km NE of Sevierville, Tennessee",0.600000000000000,1.400000000000000,0.267000000000000,2,se,se,Sevier,Sevier County,98250.000000000000000
244,74,2016-04-12T13:15:25.490Z,35.161000000000001,-84.465333299999998,13.330000000000000,2.500000000000000,md,20,111,0.164800000000000,0.140000000000000,se,se60136286,2016-06-21T01:14:09.040Z,"15km E of Benton, Tennessee",0.360000000000000,0.980000000000000,0.037000000000000,12,se,se,Polk,Polk County,16832.000000000000000
245,264,1982-09-05T10:11:09.400Z,35.201999999999998,-84.521000000000001,10.600000000000000,2.800000000000000,mblg,0,0,0.000000000000000,0.000000000000000,us,usp0001pdz,2014-11-07T00:31:51.661Z,eastern Tennessee,0.000000000000000,0.000000000000000,0.000000000000000,0,tei,fel,Polk,Polk County,16832.000000000000000
246,93,2014-11-08T10:06:12.810Z,36.350999999999999,-84.994666699999996,20.600000000000001,2.500000000000000,md,28,86,0.338600000000000,0.240000000000000,se,se610670,2016-04-07T18:20:43.840Z,"9km N of Grimsley, Tennessee",0.600000000000000,0.900000000000000,0.221000000000000,10,se,se,Fentress,Fentress County,18523.000000000000000
247,2,2020-05-10T08:34:15.220Z,35.142000000000003,-85.882999999999996,6.480000000000000,2.780000000000000,md,11,97,0.084040000000000,0.220000000000000,se,se60105623,2020-07-29T22:14:27.040Z,"8km SSE of Sewanee, Tennessee",0.510000000000000,1.130000000000000,0.102000000000000,8,se,se,Franklin,Franklin County,42208.000000000000000
248,3,2020-05-10T08:33:14.740Z,35.140500000000003,-85.891833300000002,8.430000000000000,3.130000000000000,md,26,41,0.082200000000000,0.180000000000000,se,se60316866,2020-07-29T22:14:27.040Z,"7km SSE of Sewanee, Tennessee",0.290000000000000,0.570000000000000,0.062000000000000,21,se,se,Franklin,Franklin County,42208.000000000000000
249,217,1994-08-19T16:03:30.650Z,35.508000000000003,-89.918999999999997,10.600000000000000,3.200000000000000,md,0,0,0.000000000000000,0.000000000000000,nm,nm604082,2016-04-14T19:16:14.280Z,"11km NW of Munford, Tennessee",0.000000000000000,0.000000000000000,0.000000000000000,0,nm,nm,Tipton,Tipton County,61599.000000000000000
250,226,1990-01-25T04:19:23.180Z,35.584000000000003,-89.733000000000004,12.900000000000000,2.500000000000000,md,0,0,0.000000000000000,0.000000000000000,nm,nm603589,2016-04-14T18:28:05.900Z,"8km WNW of Covington, Tennessee",0.000000000000000,0.000000000000000,0.000000000000000,0,nm,nm,Tipton,Tipton County,61599.000000000000000
251,250,1984-11-20T10:52:54.900Z,35.590000000000003,-89.760000000000005,13.199999999999999,2.600000000000000,md,0,0,0.000000000000000,0.000000000000000,nm,nm602450,2016-04-14T16:35:05.080Z,"10km WNW of Covington, Tennessee",0.000000000000000,0.000000000000000,0.000000000000000,0,nm,nm,Tipton,Tipton County,61599.000000000000000
252,265,1982-05-01T13:05:27.990Z,35.630000000000003,-89.730000000000004,12.300000000000001,2.800000000000000,md,0,0,0.000000000000000,0.000000000000000,nm,nm601686,2016-04-14T15:20:11.900Z,"10km NW of Covington, Tennessee",0.000000000000000,0.000000000000000,0.000000000000000,0,nm,nm,Tipton,Tipton County,61599.000000000000000
253,273,1981-02-08T16:52:58.800Z,35.600000000000001,-89.620000000000005,13.900000000000000,2.500000000000000,md,0,0,0.000000000000000,0.000000000000000,nm,nm601368,2016-04-14T14:47:58.680Z,"4km NNE of Covington, Tennessee",0.000000000000000,0.000000000000000,0.000000000000000,0,nm,nm,Tipton,Tipton County,61599.000000000000000
254,8,2020-02-04T05:35:46.600Z,36.105166699999998,-89.415666700000003,11.740000000000000,2.780000000000000,md,57,52,0.034780000000000,0.110000000000000,nm,nm60301761,2020-04-18T22:10:23.040Z,"9km NNW of Dyersburg, Tennessee",0.150000000000000,0.250000000000000,0.063000000000000,46,nm,nm,Dyer,Dyer County,37159.000000000000000
255,11,2020-01-15T19:38:43.600Z,36.062166699999999,-89.404333300000005,11.560000000000000,2.530000000000000,md,51,71,0.035520000000000,0.100000000000000,nm,nm60299691,2020-04-08T19:40:11.040Z,"2km NNW of Dyersburg, Tennessee",0.160000000000000,0.340000000000000,0.118000000000000,36,nm,nm,Dyer,Dyer County,37159.000000000000000
256,25,2019-04-24T10:56:54.100Z,36.135833300000002,-89.439833300000004,14.160000000000000,3.690000000000000,mw,79,60,0.054080000000000,0.120000000000000,nm,nm60268341,2020-02-06T02:25:53.977Z,"12km NNW of Dyersburg, Tennessee",0.150000000000000,0.220000000000000,0.000000000000000,50,nm,nm,Dyer,Dyer County,37159.000000000000000
257,28,2019-04-16T11:09:22.250Z,36.208166700000000,-89.460166700000002,8.109999999999999,2.510000000000000,md,40,47,0.038960000000000,0.110000000000000,nm,nm60266671,2019-06-26T20:54:43.040Z,"3km SSE of Ridgely, Tennessee",0.220000000000000,0.470000000000000,0.096000000000000,33,nm,nm,Dyer,Dyer County,37159.000000000000000
258,29,2019-04-04T00:08:31.720Z,36.123666700000001,-89.426500000000004,11.810000000000000,2.590000000000000,md,44,66,0.052300000000000,0.130000000000000,nm,nm60238927,2019-06-18T15:50:16.040Z,"10km NNW of Dyersburg, Tennessee",0.180000000000000,0.350000000000000,0.142000000000000,34,nm,nm,Dyer,Dyer County,37159.000000000000000
259,31,2019-03-02T02:12:46.120Z,36.188499999999998,-89.445666700000004,8.940000000000000,2.610000000000000,md,45,39,0.046360000000000,0.080000000000000,nm,nm60233077,2019-05-14T18:36:16.040Z,"6km SSE of Ridgely, Tennessee",0.130000000000000,0.310000000000000,0.137000000000000,42,nm,nm,Dyer,Dyer County,37159.000000000000000
260,62,2017-02-09T18:05:50.710Z,36.103000000000002,-89.452666699999995,4.270000000000000,2.820000000000000,md,60,40,0.031110000000000,0.190000000000000,nm,nm60175406,2018-03-08T10:59:21.833Z,"9km NW of Dyersburg, Tennessee",0.190000000000000,0.280000000000000,0.121000000000000,46,nm,nm,Dyer,Dyer County,37159.000000000000000
261,81,2015-07-28T18:49:39.700Z,36.174333300000001,-89.457666700000004,10.810000000000000,2.580000000000000,md,43,43,0.036020000000000,0.070000000000000,nm,nm60010913,2019-10-10T14:49:25.900Z,"10km SSE of Ridgely, Tennessee",0.160000000000000,0.350000000000000,0.091000000000000,25,nm,nm,Dyer,Dyer County,37159.000000000000000
262,87,2015-06-14T07:22:53.990Z,36.200666699999999,-89.427666700000003,7.510000000000000,2.820000000000000,md,48,44,0.030050000000000,0.070000000000000,nm,nm60079742,2019-10-10T14:43:32.180Z,"8km SE of Ridgely, Tennessee",0.140000000000000,0.310000000000000,0.077000000000000,32,nm,nm,Dyer,Dyer County,37159.000000000000000
263,95,2014-06-25T09:47:55.160Z,36.106833299999998,-89.406833300000002,9.520000000000000,2.900000000000000,md,35,78,0.029430000000000,0.060000000000000,nm,nm610428,2016-04-07T17:53:43.310Z,"8km NNW of Dyersburg, Tennessee",0.300000000000000,0.700000000000000,0.261000000000000,10,nm,nm,Dyer,Dyer County,37159.000000000000000
264,98,2014-04-20T03:13:06.260Z,36.201999999999998,-89.460666700000004,9.119999999999999,2.500000000000000,md,38,45,0.043040000000000,0.060000000000000,nm,nm610355,2016-04-07T17:45:49.460Z,"6km SSE of Ridgely, Tennessee",0.200000000000000,0.600000000000000,0.251000000000000,13,nm,nm,Dyer,Dyer County,37159.000000000000000
265,101,2014-03-19T04:35:48.380Z,36.196500000000000,-89.423166699999996,6.990000000000000,2.600000000000000,md,18,57,0.033710000000000,0.030000000000000,nm,nm610315,2016-04-07T17:41:32.760Z,"9km SE of Ridgely, Tennessee",0.300000000000000,0.900000000000000,0.074000000000000,8,nm,nm,Dyer,Dyer County,37159.000000000000000
266,120,2011-11-09T12:35:48.900Z,36.111666700000001,-89.388833300000002,7.620000000000000,2.500000000000000,md,22,96,0.000000000000000,0.060000000000000,nm,nm609113,2016-04-08T13:48:54.650Z,"8km N of Dyersburg, Tennessee",0.300000000000000,0.800000000000000,0.167000000000000,7,nm,nm,Dyer,Dyer County,37159.000000000000000
267,130,2009-11-06T06:12:39.770Z,36.088500000000003,-89.401833300000007,9.320000000000000,3.400000000000000,mlg,38,40,0.020170000000000,0.060000000000000,nm,nm607067,2016-04-08T16:22:29.130Z,"6km NNW of Dyersburg, Tennessee",0.300000000000000,0.600000000000000,0.175000000000000,8,nm,nm,Dyer,Dyer County,37159.000000000000000
268,151,2007-04-06T01:34:37.460Z,36.090333299999998,-89.409333300000000,10.619999999999999,2.700000000000000,md,39,39,0.026190000000000,0.070000000000000,nm,nm606320,2016-04-08T17:47:02.870Z,"6km NNW of Dyersburg, Tennessee",0.300000000000000,0.600000000000000,0.138000000000000,14,nm,nm,Dyer,Dyer County,37159.000000000000000
269,162,2005-06-02T11:35:11.200Z,36.150166700000000,-89.473500000000001,15.020000000000000,4.000000000000000,mw,35,57,0.031050000000000,0.070000000000000,nm,nm605762,2016-04-26T21:01:22.665Z,"12km S of Ridgely, Tennessee",0.200000000000000,0.600000000000000,0.457000000000000,9,nm,nm,Dyer,Dyer County,37159.000000000000000
270,178,2003-09-09T00:03:41.980Z,36.135666700000002,-89.496333300000003,4.650000000000000,2.500000000000000,md,35,28,0.034860000000000,0.110000000000000,nm,nm605253,2016-04-11T14:18:46.980Z,"14km S of Ridgely, Tennessee",0.400000000000000,0.400000000000000,0.292000000000000,11,nm,nm,Dyer,Dyer County,37159.000000000000000
271,180,2003-05-30T02:18:24.320Z,36.125833299999996,-89.394000000000005,6.160000000000000,2.800000000000000,md,33,81,0.064250000000000,0.090000000000000,nm,nm605192,2016-04-11T14:12:09.080Z,"10km N of Dyersburg, Tennessee",0.400000000000000,1.300000000000000,0.254000000000000,15,nm,nm,Dyer,Dyer County,37159.000000000000000
272,183,2002-04-20T20:00:00.230Z,36.131833299999997,-89.390333299999995,6.820000000000000,2.800000000000000,md,14,54,0.043120000000000,0.020000000000000,nm,nm605022,2016-04-11T16:05:14.350Z,"10km N of Dyersburg, Tennessee",0.300000000000000,1.400000000000000,0.276000000000000,5,nm,nm,Dyer,Dyer County,37159.000000000000000
273,184,2001-07-27T00:48:33.500Z,36.171999999999997,-89.431166700000006,9.070000000000000,2.500000000000000,md,29,45,0.081350000000000,0.050000000000000,nm,nm604888,2016-11-17T13:22:58.070Z,"11km SSE of Ridgely, Tennessee",0.400000000000000,1.300000000000000,0.128000000000000,14,nm,nm,Dyer,Dyer County,37159.000000000000000
274,191,2001-04-02T03:05:50.940Z,36.211333300000000,-89.445333300000001,9.220000000000001,2.700000000000000,md,37,51,0.055190000000000,0.070000000000000,nm,nm604784,2016-11-17T13:48:14.370Z,"6km SSE of Ridgely, Tennessee",0.300000000000000,0.800000000000000,0.164000000000000,30,nm,nm,Dyer,Dyer County,37159.000000000000000
275,194,2000-06-10T04:06:16.600Z,36.205500000000001,-89.367500000000007,5.000000000000000,2.500000000000000,md,25,99,0.050050000000000,0.130000000000000,nm,nm604624,2016-04-13T18:47:58.650Z,"12km ESE of Ridgely, Tennessee",0.700000000000000,0.400000000000000,0.173000000000000,18,nm,nm,Dyer,Dyer County,37159.000000000000000
276,197,2000-01-11T11:54:54.680Z,36.031833300000002,-89.497166699999994,10.000000000000000,2.700000000000000,md,39,48,0.063680000000000,0.060000000000000,nm,nm604552,2016-04-13T18:40:30.480Z,"10km W of Dyersburg, Tennessee",0.200000000000000,0.700000000000000,0.141000000000000,16,nm,nm,Dyer,Dyer County,37159.000000000000000
277,203,1997-09-27T12:14:10.280Z,36.194499999999998,-89.421666700000003,10.300000000000001,2.900000000000000,md,23,57,0.068360000000000,0.120000000000000,nm,nm604311,2016-04-14T12:02:48.510Z,"9km SE of Ridgely, Tennessee",0.300000000000000,0.800000000000000,0.123000000000000,4,nm,nm,Dyer,Dyer County,37159.000000000000000
278,207,1996-08-19T11:26:55.450Z,36.122830000000000,-89.405829999999995,8.330000000000000,2.600000000000000,md,0,0,0.000000000000000,0.000000000000000,nm,nm604207,2017-08-31T18:17:00.720Z,"9km N of Dyersburg, Tennessee",0.300000000000000,1.200000000000000,0.000000000000000,0,nm,nm,Dyer,Dyer County,37159.000000000000000
279,213,1995-05-27T19:51:10.400Z,36.170000000000002,-89.430000000000007,6.400000000000000,3.000000000000000,md,0,0,0.000000000000000,0.000000000000000,us,usp0006y5r,2014-11-07T00:58:00.398Z,Tennessee,0.000000000000000,0.000000000000000,0.000000000000000,0,slm,slm,Dyer,Dyer County,37159.000000000000000
280,218,1993-04-28T22:40:01.960Z,36.195999999999998,-89.441999999999993,6.900000000000000,3.400000000000000,mlg,0,0,0.000000000000000,0.000000000000000,nm,nm604007,2016-04-14T19:09:02.650Z,"8km SSE of Ridgely, Tennessee",0.000000000000000,0.000000000000000,0.000000000000000,0,nm,nm,Dyer,Dyer County,37159.000000000000000
281,219,1993-02-24T12:41:21.800Z,36.167000000000002,-89.472999999999999,12.600000000000000,2.800000000000000,mlg,0,0,0.000000000000000,0.000000000000000,nm,nm603983,2016-04-14T19:06:36.760Z,"10km S of Ridgely, Tennessee",0.000000000000000,0.000000000000000,0.000000000000000,0,nm,nm,Dyer,Dyer County,37159.000000000000000
282,227,1990-01-09T10:53:31.560Z,36.109000000000002,-89.263000000000005,7.000000000000000,2.500000000000000,md,0,0,0.000000000000000,0.000000000000000,nm,nm603574,2016-04-14T18:26:24.910Z,"0km SSW of Newbern, Tennessee",0.000000000000000,0.000000000000000,0.000000000000000,0,nm,nm,Dyer,Dyer County,37159.000000000000000
283,231,1988-12-31T14:24:20.680Z,36.192999999999998,-89.430000000000007,6.000000000000000,3.000000000000000,md,0,0,0.000000000000000,0.000000000000000,nm,nm603433,2016-04-14T18:12:09.990Z,"9km SSE of Ridgely, Tennessee",0.000000000000000,0.000000000000000,0.000000000000000,0,nm,nm,Dyer,Dyer County,37159.000000000000000
284,236,1987-11-26T17:51:46.140Z,36.195999999999998,-89.423000000000002,9.600000000000000,2.500000000000000,md,0,0,0.000000000000000,0.000000000000000,nm,nm603256,2016-04-14T17:54:38.000Z,"9km SE of Ridgely, Tennessee",0.000000000000000,0.000000000000000,0.000000000000000,0,nm,nm,Dyer,Dyer County,37159.000000000000000
285,247,1986-01-26T04:09:05.100Z,36.183000000000000,-89.459000000000003,10.400000000000000,2.500000000000000,md,0,0,0.000000000000000,0.000000000000000,nm,nm602736,2016-04-14T17:03:21.450Z,"9km SSE of Ridgely, Tennessee",0.000000000000000,0.000000000000000,0.000000000000000,0,nm,nm,Dyer,Dyer County,37159.000000000000000
286,252,1984-06-26T15:15:18.730Z,36.149000000000001,-89.359999999999999,7.200000000000000,3.000000000000000,md,0,0,0.000000000000000,0.000000000000000,nm,nm602350,2016-04-14T16:25:39.690Z,"9km WNW of Newbern, Tennessee",0.000000000000000,0.000000000000000,0.000000000000000,0,nm,nm,Dyer,Dyer County,37159.000000000000000
287,259,1982-10-17T19:53:48.770Z,36.109999999999999,-89.579999999999998,11.100000000000000,2.500000000000000,md,0,0,0.000000000000000,0.000000000000000,nm,nm601835,2016-04-14T15:35:05.590Z,"11km SE of Caruthersville, Missouri",0.000000000000000,0.000000000000000,0.000000000000000,0,nm,nm,Dyer,Dyer County,37159.000000000000000
288,270,1981-11-08T17:11:18.800Z,36.079999999999998,-89.390000000000001,13.600000000000000,3.000000000000000,md,0,0,0.000000000000000,0.000000000000000,nm,nm601599,2016-04-14T15:11:23.010Z,"5km N of Dyersburg, Tennessee",0.000000000000000,0.000000000000000,0.000000000000000,0,nm,nm,Dyer,Dyer County,37159.000000000000000
289,272,1981-08-07T11:53:44.300Z,36.030000000000001,-89.180000000000007,22.800000000000001,4.000000000000000,md,0,0,0.000000000000000,0.000000000000000,nm,nm601510,2018-06-04T20:43:45.000Z,"11km SE of Newbern, Tennessee",0.000000000000000,0.000000000000000,0.000000000000000,0,nm,nm,Dyer,Dyer County,37159.000000000000000
290,274,1980-12-02T08:59:30.000Z,36.210000000000001,-89.430000000000007,10.699999999999999,3.800000000000000,md,0,0,0.000000000000000,0.000000000000000,nm,nm601317,2018-06-04T20:43:45.000Z,"7km SE of Ridgely, Tennessee",0.000000000000000,0.000000000000000,0.000000000000000,0,nm,nm,Dyer,Dyer County,37159.000000000000000
291,279,1978-08-31T00:31:00.300Z,36.090000000000003,-89.420000000000002,3.900000000000000,3.500000000000000,mlg,0,0,0.000000000000000,0.000000000000000,nm,nm600786,2016-04-14T13:50:17.299Z,"6km NNW of Dyersburg, Tennessee",0.000000000000000,0.000000000000000,0.000000000000000,0,nm,nm,Dyer,Dyer County,37159.000000000000000
292,285,1975-06-20T07:29:06.600Z,36.210000000000001,-89.439999999999998,7.300000000000000,3.300000000000000,mlg,0,0,0.000000000000000,0.000000000000000,nm,nm600232,2016-04-14T12:52:03.520Z,"7km SE of Ridgely, Tennessee",0.000000000000000,0.000000000000000,0.000000000000000,0,nm,nm,Dyer,Dyer County,37159.000000000000000
293,290,1974-01-08T01:12:37.400Z,36.200000000000003,-89.390000000000001,1.000000000000000,4.100000000000000,mb,0,0,0.000000000000000,0.000000000000000,us,usp00004v5,2014-11-06T23:21:22.320Z,Tennessee,0.000000000000000,0.000000000000000,0.000000000000000,0,j,us,Dyer,Dyer County,37159.000000000000000
294,291,1973-12-20T10:45:00.100Z,36.156999999999996,-89.579999999999998,10.000000000000000,3.400000000000000,lg,0,0,0.000000000000000,0.000000000000000,us,usp00004kc,2014-11-06T23:21:21.906Z,Tennessee,0.000000000000000,0.000000000000000,0.000000000000000,0,j,slm,Dyer,Dyer County,37159.000000000000000
295,294,1962-07-23T06:05:16.300Z,36.043999999999997,-89.399000000000001,8.000000000000000,3.390000000000000,mw,0,0,0.000000000000000,0.000000000000000,ushis,ushis2559,2018-06-04T20:43:45.000Z,Tennessee,0.000000000000000,0.000000000000000,0.000000000000000,0,ushis,stt,Dyer,Dyer County,37159.000000000000000
296,297,1955-03-29T09:02:40.000Z,36.000000000000000,-89.500000000000000,0.000000000000000,3.900000000000000,fa,0,0,0.000000000000000,0.000000000000000,ushis,ushis2025,2018-06-04T20:43:44.000Z,Tennessee,0.000000000000000,0.000000000000000,0.000000000000000,0,ushis,sc,Dyer,Dyer County,37159.000000000000000
297,299,1918-10-16T02:15:00.000Z,36.000000000000000,-89.200000000000003,0.000000000000000,4.500000000000000,fa,0,0,0.000000000000000,0.000000000000000,ushis,ushis641,2018-06-04T20:43:44.000Z,Tennessee,0.000000000000000,0.000000000000000,0.000000000000000,0,ushis,sg,Dyer,Dyer County,37159.000000000000000
298,182,2002-04-22T14:03:07.750Z,36.007166699999999,-88.970666699999995,9.510000000000000,2.500000000000000,md,19,165,0.258600000000000,0.160000000000000,nm,nm605023,2016-04-11T16:05:20.690Z,"3km NW of Trenton, Tennessee",5.900000000000000,19.600000000000001,0.002000000000000,1,nm,nm,Gibson,Gibson County,49133.000000000000000
299,201,1998-05-27T06:04:51.470Z,36.112833299999998,-88.986000000000004,4.380000000000000,2.600000000000000,md,24,172,0.215300000000000,0.070000000000000,nm,nm604382,2016-04-13T19:23:18.150Z,"1km S of Rutherford, Tennessee",1.200000000000000,0.300000000000000,0.141000000000000,12,nm,nm,Gibson,Gibson County,49133.000000000000000
300,216,1994-11-06T12:50:38.950Z,35.948999999999998,-89.060000000000002,10.800000000000001,3.100000000000000,mlg,0,0,0.000000000000000,0.000000000000000,nm,nm604088,2016-04-14T19:16:50.770Z,"11km WSW of Trenton, Tennessee",0.000000000000000,0.000000000000000,0.000000000000000,0,nm,nm,Gibson,Gibson County,49133.000000000000000