Index,Origin (UTC),Lat,Long,Depth (km),Magnitude,Secondary Effects,PDE Shaking Deaths,PDE Total Deaths,Utsu Total Deaths,EM-DAT Total Deaths,Other Source Deaths,Country,Deaths
0,5/11/1900 17:23,38.7,141.1,5,7,,,,,,,Japan,
1,7/12/1900 6:25,40.3,43.1,,5.9,,,,140,,,Turkey,140
2,10/29/1900 9:11,11,-66,0,7.7,,,,,,,Venezuela,
3,2/15/1901 0:00,26,100.1,0,6.5,,,,,,,China,
4,3/31/1901 7:11,43.4,28.7,,6.4,,,,4,,,Bulgaria,4
5,8/9/1901 9:23,40.5,142.5,35,7.2,T,,,,,,Japan,
6,11/15/1901 20:15,-43,173,0,6.8,,,,1,,,New Zealand,1
7,1/30/1902 14:01,40.5,141.3,35,6.9,,,,1,,,Japan,1
8,2/13/1902 9:39,40.7,48.6,15,6.9,,,,86,,,Azerbaijan,86
9,3/9/1902 7:46,40.7,33.6,,5.5,,,,4,,,Turkey,4
10,4/19/1902 2:23,14,-91,0,7.5,,,,2000,2000,,Guatemala ,2000
11,7/3/1902 15:36,43.2,129.6,20,6.7,,,,,,,China,
12,8/22/1902 3:00,40,77,0,7.7,,,,5650,,,China,5650
13,9/19/1902 0:00,-35,138,2,6,,,,2,,,Australia,2
14,12/16/1902 5:07,40.8,72.3,9,6.4,,,,4725,,,Uzbekistan ,4725
15,3/29/1903 22:30,32.2,35.3,,5.7,,,,20,,,Palestine,20
16,4/28/1903 0:00,39.14,42.65,,7,,,,,,3500,Turkey ,
17,5/28/1903 3:58,40.9,42.7,,5.8,,,,1000,,,Turkey,1000
18,8/11/1903 4:32,36.36,22.97,80,8.3,,,,2,,,Greece,2
19,9/25/1903 1:20,35.2,58.2,,6.5,,,,200,,,Iran,200
20,4/24/1904 6:39,23.5,120.5,,6,,,,3,,,Taiwan,3
21,8/11/1904 5:56,37.75,27,10,6.2,,,,4,,,Greece,4
22,8/30/1904 11:42,30,101,0,6.8,,,,565,,,China,565
23,11/5/1904 20:25,23.5,120.3,,6.3,,,,145,,,Taiwan ,145
24,4/4/1905 0:50,33,76,0,7.8,,,,20000,20000,,India ,20000
25,6/1/1905 4:42,42.1,19.6,20,6.6,,,,120,,,Albania,120
26,6/2/1905 5:39,34.1,132.5,55,7,,,,11,,,Japan,11
27,9/8/1905 1:43,39,16,0,6.8,T,,,557,2500,,Italy ,2500
28,11/8/1905 22:06,40,24,0,6.8,,,,,,,Greece,
29,1/31/1906 15:36,1,-81.5,0,8.8,T,,,1000,400,,Ecuador ,1000
30,3/16/1906 22:42,23.6,120.4,5,6.8,,,,1258,,,Taiwan ,1258
31,4/13/1906 19:18,23.6,120.4,5,7.1,,,,15,,,Taiwan,15
32,4/18/1906 13:12,38,-123,0,7.8,F,,,700,2000,,United States,2000
33,8/17/1906 0:40,-33,-72,0,8.2,T,,,3760,20000,,Chile ,20000
34,12/22/1906 18:21,43.5,85,0,7.2,,,,285,,,China,285
35,1/4/1907 5:19,2,94.5,50,7.5,T,,,400,,,Indonesia,400
36,1/14/1907 21:36,18.2,-76.7,,6.5,T,,,1000,,,Jamaica ,1000
37,4/15/1907 6:08,17,-100,0,7.9,T,,,28,,,Mexico,28
38,4/18/1907 20:59,14,123,0,7.1,,,,2,,,Philippines,2
39,10/21/1907 4:23,38,69,0,7.2,,,,15000,12000,,Tajikistan ,15000
40,1/11/1908 3:35,23,121.1,5,6.8,,,,2,,,Taiwan,2
41,12/28/1908 4:20,38,15.5,0,7.2,T,,,82000,75000,,Italy ,82000
42,1/19/1909 4:56,38.6,26.9,,5.8,,,,8,,,Turkey,8
43,1/23/1909 0:00,,,,7.3,,,,,,8000,Iran ,
44,2/9/1909 11:24,40,38,60,6.8,,,,,,,Turkey,
45,4/14/1909 19:53,25,122.5,5,7.1,,,,9,,,Taiwan,9
46,4/23/1909 17:39,38.9,-8.8,,6.6,,,,30,,,Portugal,30
47,5/11/1909 15:54,24.4,103,,6.5,,,,19,,,China,19
48,6/3/1909 18:40,-2,101,0,7.2,T,,,200,,,Indonesia,200
49,6/11/1909 0:00,43.7,5.4,,6.2,,,,,,46,France ,
50,8/14/1909 6:31,35.4,136.3,5,6.7,,,,41,,,Japan,41
51,10/20/1909 23:41,30,68,0,7,,,,231,,,Pakistan,231
52,11/10/1909 6:13,32.3,131.1,150,7.5,,,,2,,,Japan,2
53,1/8/1910 14:49,35,122,0,6.8,,,,1,,,China,1
54,2/18/1910 5:09,36,24.5,150,6.9,,,,6,,,Greece,6
55,4/12/1910 0:22,25,123,200,7.6,,,,20,,,Japan,20
56,6/24/1910 13:27,36.1,3.4,33,6.4,,,,81,,,Algeria,81
57,1/3/1911 23:25,43.5,77.5,0,7.8,,,,450,,,Kazakhstan ,450
58,2/18/1911 18:41,40,73,0,7.2,L,,,90,,,Kyrgyzstan,90
59,4/18/1911 18:14,32,56,50,6.7,,,,700,,,Iran,700
60,6/7/1911 11:02,17.5,-102.5,0,7.6,,,,1300,,,Mexico,1300
61,6/15/1911 14:26,28,130,90,8.1,T,,,12,,,Japan,12
62,1/24/1912 16:23,38,20.5,60,6.8,,,,,,,Greece,
63,5/6/1912 19:00,64,-20,0,7,,,,1,,,Iceland,1
64,5/23/1912 2:24,21,97,0,7.7,,,,,,,Burma,
65,8/9/1912 1:29,40.5,27,0,7.6,,,,2836,923,,Turkey ,2836
66,11/19/1912 13:55,19.83,-99.92,15,6.7,,,,,,164,Mexico,
67,3/14/1913 8:45,4.5,126.5,0,7.9,T,,,,,,Indonesia,
68,6/14/1913 9:33,43.5,25.5,0,6.8,,,,500,,,Bulgaria,500
69,8/6/1913 22:14,-17,-74,0,7.8,T,,,,,,Peru,
70,11/4/1913 21:33,-14.2,-72.9,10,6.3,,,,150,,,Peru,150
71,12/21/1913 15:37,24.5,102,0,7.2,,,,1314,,,China,1314
72,1/12/1914 9:28,31.6,130.6,5,6.7,T,,,35,,,Japan,35
73,3/14/1914 20:00,39.5,140.4,5,7,,,,94,,,Japan,94
75,5/26/1914 14:22,-2,137,0,7.9,T,,,,,,Indonesia,
76,6/25/1914 19:07,-4.5,102.5,0,7.6,,,,,20,,Indonesia,20
77,8/4/1914 22:41,43.5,91.5,0,7.2,,,,,,,China,
78,10/3/1914 22:06,37.5,32.5,0,7.1,,,,4000,,,Turkey ,4000
79,1/13/1915 6:52,42,13.5,0,6.9,,,,32610,29980,,Italy ,32610
80,3/17/1915 18:45,42.1,143.6,35,7.2,,,,2,,,Japan,2
81,6/23/1915 4:56,32.8,-115.5,,6.2,,,,6,,,United States,6
82,9/7/1915 1:20,14,-89,80,7.4,,,,7,,,El Salvador,7
83,12/3/1915 2:39,29.5,91.5,0,7,,,,170,,,China,170
84,8/28/1916 7:27,23.9,120.5,5,7.2,,,,16,,,Taiwan ,16
85,11/14/1916 22:31,24,121,,6,,,,1,,,Taiwan ,1
86,1/4/1917 16:55,21.9,120.9,0,6.5,,,,54,,,Taiwan ,54
87,1/21/1917 23:11,-7,116,,6.6,T,,,15000,,,Indonesia ,15000
88,1/24/1917 0:48,31,114,0,6.5,,,,,,,China,
89,1/31/1917 3:39,6,125,,6.4,,,,7,,,Philippines,7
90,7/30/1917 23:54,29,104,0,7.3,,,,1879,1800,,China,1879
91,8/31/1917 11:36,4,-74,0,7.1,,,,,,,Colombia,
92,2/13/1918 6:07,23.54,117.243,15,7.2,,,,,10000,,China ,10000
93,4/21/1918 22:32,33.812,-117.44,15,6.8,,,,1,,,United States,1
94,8/15/1918 12:18,5.653,123.563,35,8.2,,,,,100,,Philippines,100
95,9/7/1918 17:15,46.812,150.253,242.4,7.6,T,,,24,,,Russian Federation,24
96,10/11/1918 14:14,18.473,-67.631,35,7.3,T,,,116,116,,Puerto Rico,116
97,5/6/1919 19:40,-5.477,152.629,232.8,7.6,T,,,,,,Papua New,
98,6/5/1920 4:21,23.813,122.08,35,7.9,,,,5,,,Taiwan,5
99,1/4/1920 4:22,19.27,-97.08,15,6.2,L,,,,,1500,Mexico,
100,2/20/1920 11:45,42,44.1,11,6.2,,,,130,,,Georgia ,130
101,9/7/1920 5:55,44.3,10.3,10,5.8,,,,171,,,Italy,171
102,12/16/1920 12:05,36.601,105.317,25,8.6,,,,235502,180000,,China ,235502
103,12/17/1920 18:59,-32.7,-68.4,10,6,,,,400,,,Argentina ,400
105,11/11/1921 18:36,7.897,127.257,35,7.3,,,,600,,,Philippines,600
106,4/26/1922 1:11,35.2,139.8,35,6.8,,,,2,,,Japan,2
107,9/1/1922 19:16,24.506,122.04,35,7.5,,,,5,,,Taiwan,5
108,10/14/1922 23:45,24.5,122,35,6.9,,,,6,,,Taiwan,6
109,11/11/1922 4:32,-28.553,-70.755,35,8.7,T,,,1000,1000,,Chile ,1000
110,12/7/1922 16:50,32.7,130.1,5,6.9,,,,26,,,Japan,26
111,12/8/1922 2:02,32.7,130.1,5,6.5,,,,,,,Japan,
112,2/3/1923 16:01,53.853,160.761,35,8.5,T,,,,,,Russian Federation,
113,3/24/1923 12:40,30.553,101.258,25,7.2,,,,450,5000,,China,5000
114,4/13/1923 15:31,55.415,162.585,35,7.1,T,,,18,,,Russian Federation,18
115,5/25/1923 22:21,35.2,59.2,,5.7,,,,2219,,,Iran,2219
116,9/1/1923 2:58,35.405,139.084,35,7.9,"T,F",,,142807,143000,105000,Japan ,143000
117,9/9/1923 22:03,24.943,90.32,35,7.1,,,,50,,,Bangladesh,50
118,9/17/1923 7:09,37.2,57.7,,6.4,,,,157,,,Iran,157
119,9/22/1923 20:47,29.12,56.928,35,6.9,,,,290,,,Iran,290
120,12/14/1923 10:31,1,-77.5,,5.3,,,,300,,,Colombia,300
121,1/14/1924 20:50,35.5,139.2,5,7.3,,,,19,,,Japan,19
122,3/3/1924 8:01,-1.6,-78.6,,6.9,,,,40,,,Ecuador,40
123,4/14/1924 16:20,7.023,125.954,33,8.3,,,,,,,Philippines ,
124,7/3/1924 4:40,36.632,83.903,35,7.1,,,,255,,,China,255
125,7/12/1924 15:12,40.565,73.397,25,6.8,,,,41,,,Kyrgyzstan,41
126,9/13/1924 14:34,39.864,41.876,35,6.8,,,,30,,,Turkey ,30
127,3/16/1925 14:42,25.688,100.494,25,7,,,,5808,5000,,China ,5808
128,5/23/1925 2:09,35.6,134.8,5,6.8,F,,,428,,,Japan,428
129,6/29/1925 14:42,34.5,-119.6,,6.2,,,,13,,,United States,13
130,12/14/1925 0:00,34.6,58.1,,5.5,,,,500,,,Iran,500
131,12/18/1925 5:53,28.5,51.2,,5.5,,,,2,,,Iran,2
132,3/18/1926 14:06,35.787,29.246,35,6.9,,,,,,,Turkey,
133,6/26/1926 19:46,36.605,26.888,101.8,7.7,,,,110,,,Greece,110
134,6/28/1926 3:23,-0.051,101.522,35,6.8,,,,222,,,Indonesia,222
135,10/22/1926 19:59,40.7,43.7,7,5.7,,,,370,,,Turkey ,370
136,11/5/1926 7:55,12.67,-86.736,35,7.1,,,,,,,Nicaragua,
137,3/7/1927 9:27,35.802,134.924,9.6,7.6,"T,F",,,2925,2925,,Japan,2925
139,4/14/1927 6:23,-32.477,-69.675,35,7.2,,,,8,,,Argentina,8
140,5/22/1927 22:32,37.386,102.311,25,7.9,,,,80000,200000,,China ,200000
141,7/11/1927 13:04,32,35.5,33,6.3,,,,361,,,Mandatory Palestine,361
142,8/24/1927 18:09,23.118,120.237,35,6.8,,,,11,,,Taiwan,11
143,3/22/1928 4:17,16.127,-96.505,35,7.5,T,,,,,,Mexico,
144,3/31/1928 0:29,38.1,27.1,,6.5,,,,170,,,Turkey,170
145,4/9/1928 17:34,-13.731,-70.628,35,6.8,,,,10,,,Peru,10
146,4/14/1928 9:00,42.402,25.667,15,6.8,,,,107,107,,Bulgaria,107
147,4/18/1928 19:22,42.386,25.087,15,6.8,,,,103,,,Bulgaria,103
148,5/14/1928 22:14,-5.261,-78.559,35,7.2,,,,29,,,Peru,29
149,8/21/1928 19:01,37.3,57.9,9,5.4,,,,10,,,Iran,10
150,12/1/1928 4:06,-35.086,-71.683,35,7.7,T,,,225,,,Chile,225
151,12/19/1928 11:37,6.977,124.856,35,7.3,T,,,93,,,Philippines,93
152,1/17/1929 11:45,9.499,-64.381,35,6.9,T,,,,,,Venezuela,
153,5/1/1929 15:37,37.957,57.693,25,7.1,,,,3257,3300,,Turkmenistan ,3300
154,5/18/1929 6:37,40.2,37.9,10,6.5,,,,64,,,Turkey,64
155,5/30/1929 9:43,-34.768,-67.598,35,6.8,,,,52,,,Argentina,52
156,6/16/1929 22:47,-41.831,172.292,35,7.5,T,,,17,,,New Zealand,17
157,7/13/1929 7:36,37.5,58,57,5.8,,,,5,,,Iran,5
158,10/19/1929 10:12,-23.038,-68.737,35,7.4,,,,,,,Chile,
159,11/18/1929 20:32,44.539,-56.008,15,7.3,T,,,52,,,Saint Pierre,52
160,5/5/1930 13:45,17.665,96.543,35,7.2,"T,F",,,550,500,,Burma,550
161,5/6/1930 22:34,38.152,44.685,25,7.1,,,,2514,2500,,Iran ,2514
162,5/14/1930 19:48,26.8,103,,6,,,,42,,,China,42
163,7/23/1930 0:08,41.05,15.367,,6.6,,,,,,1404,Italy ,
164,10/30/1930 7:13,43.75,13.5,,6,,,,18,,,Italy,18
165,11/21/1930 2:00,40.5,19.5,12,6,,,,35,,,Albania,35
166,11/25/1930 19:02,34.977,139.103,35,6.9,,,,272,0,,Japan,272
168,12/3/1930 18:51,17.972,96.422,35,7.3,,,,22,36,,Burma,36
169,12/8/1930 8:01,23.2,120.6,,6.3,,,,4,,,Taiwan,4
170,12/24/1930 6:02,-24.7,-66.3,30,6,,,,36,,,Argentina,36
171,12/25/1930 19:03,35.1,133,5,7,,,,272,,,Japan,272
172,1/15/1931 1:50,16.053,-96.614,35,7.8,,,,68,,,Mexico,68
173,2/2/1931 22:46,-39.772,176.025,35,7.7,T,,,256,256,,New Zealand,256
174,2/10/1931 6:34,-5.433,102.458,35,7.1,,,,18,,,Indonesia,18
175,3/8/1931 1:50,41.337,22.666,25,6.8,,,,35,,,Kingdom of,35
176,3/31/1931 16:02,13.2,-85.7,,5.6,F,,,1000,,,Nicaragua ,1000
177,4/27/1931 16:50,39.2,46,22,6.3,,,,390,,,Armenia,390
178,6/7/1931 1:30,54.08,1.5,,6.1,,,,,,1,England ,
179,8/10/1931 21:18,46.571,89.965,35,7.9,,,,10000,,,China ,10000
180,8/27/1931 15:27,29.473,67.172,35,7.1,,,,200,,,Pakistan,200
181,9/21/1931 2:20,36.021,139.381,35,6.8,,,,16,,,Japan,16
182,10/3/1931 19:13,-10.932,161.016,35,7.8,T,,,50,,,Solomon Islands,50
183,11/2/1931 10:03,32.003,131.945,42.2,7.5,T,,,1,,,Japan,1
184,2/3/1932 6:16,19.77,-75.85,25,6.8,,,,8,,,Cuba,8
185,3/14/1932 22:42,8.149,-71.974,35,6.8,,,,6,,,Venezuela,6
186,4/6/1932 9:11,31.4,115,15,6,,,,6,,,China,6
187,5/14/1932 13:11,0.258,126.169,35,8.1,,,,5,6,,Indonesia,6
188,5/21/1932 10:10,12.364,-87.894,35,6.9,,,,10,,,Nicaragua,10
189,6/3/1932 10:36,19.457,-104.146,25,7.9,T,,,60,,,Mexico ,60
190,6/18/1932 10:12,19.452,-103.632,54.3,7.9,T,,,52,,,Mexico,52
191,6/22/1932 12:59,19.028,-104.379,25,6.9,T,,,75,,,Mexico,75
192,9/26/1932 19:20,40.333,23.732,35,6.9,T,,,491,,,Greece ,491
193,12/25/1932 2:04,39.771,96.69,25,7.6,,,,275,,,China ,275
194,3/2/1933 17:31,39.224,144.622,35,8.4,T,,,3064,3008,,Japan ,3064
195,3/11/1933 1:55,33.63,,,6.4,,,,,,120,United States,
196,4/23/1933 5:57,36.516,27.15,35,6.8,,,,74,,,Greece,74
197,6/24/1933 21:54,-5.522,104.434,35,7.3,,,,76,,,Indonesia,76
198,8/25/1933 7:50,31.81,103.541,25,7.3,,,,6865,,,China ,6865
199,11/28/1933 11:09,32.1,56,27,6.3,,,,4,,,Iran,4
200,1/12/1934 13:31,23.7,102.7,,6,,,,1,,,China,1
201,1/15/1934 8:43,26.773,86.762,35,8.1,,,,10700,6000,,Nepal ,10700
202,1/4/1935 14:41,40.5,27.5,7,6.2,,,,5,,,Turkey ,5
203,2/25/1935 2:51,36.084,24.703,35,6.8,,,,,,,Greece,
204,3/5/1935 10:27,36.3,53.3,,6,,,,60,,,Iran,60
205,4/11/1935 23:14,36.432,53.621,35,6.8,,,,500,,,Iran,500
206,4/20/1935 22:02,24.364,120.613,35,7.1,,,,3276,3410,,Taiwan ,3410
207,4/28/1935 0:00,29.4,102.3,,6,,,,2,,,China,2
208,5/1/1935 0:00,40.38,43.41,7,6.2,,,,,,200,Turkey ,
209,5/30/1935 21:32,28.894,66.176,35,8.1,,,,60000,60000,,Pakistan ,60000
210,7/11/1935 18:35,35,138,10,6.3,,,,9,,,Japan,9
211,1/9/1936 9:23,1.1,-77.6,,7,,,,250,,,Colombia,250
212,2/7/1936 8:56,35.633,103.265,25,6.8,,,,42,,,China,42
213,4/26/1936 23:59,28.733,103.497,25,6.8,,,,,,,China,
214,5/16/1936 7:05,28.675,103.684,25,6.8,,,,550,,,China,550
215,8/1/1936 6:24,34.2,105.7,,6,,,,144,,,China,144
216,8/17/1936 0:00,26.6,103,,5.5,,,,30,,,China,30
217,8/23/1936 21:12,5.296,94.759,35,7.1,T,,,91,9,,Indonesia,91
218,7/26/1937 3:47,18.523,-95.878,35,7.2,,,,34,,,Mexico,34
219,7/31/1937 20:35,35.252,115.153,25,6.9,,,,3833,,,China,3833
220,8/20/1937 11:59,14.318,121.547,35,7.3,T,,,1,,,Philippines,1
221,12/23/1937 13:18,17.431,-98.287,35,7.4,,,,4,,,Mexico,4
222,4/19/1938 10:59,39.439,34.015,35,6.8,,,,155,149,,Turkey ,155
223,5/19/1938 17:08,-0.366,119.525,49.4,7.5,T,,,8,,,Indonesia,8
224,11/5/1938 8:43,37.009,142.045,35,7.9,T,,,1,,,Japan,1
225,1/25/1939 3:32,-36.2,-72.2,0,7.7,,,,28000,30000,,Chile ,30000
226,4/30/1939 2:55,-9.295,159.234,35,7.9,T,,,12,,,Solomon Islands,12
227,5/1/1939 5:58,39.839,139.969,35,7,T,,,27,,,Japan,27
228,6/22/1939 19:19,5.18,-0.13,13,6.4,,,,22,,,Ghana,22
229,9/19/1939 0:00,24.4,102.5,,5.5,,,,1,,,China,1
230,12/26/1939 23:57,39.77,39.533,35,7.8,,,,32968,32962,,Turkey ,32968
231,4/6/1940 13:43,23.9,102.3,,6,,,,181,,,China,181
232,5/7/1940 22:23,41.7,43.8,19,6,,,,5,,,Georgia,5
233,5/19/1940 4:36,33.222,-115.697,15,6.9,,,,9,9,,United States,9
234,5/24/1940 16:33,-11.119,-77.629,50.1,7.5,T,,,250,249,,Peru,250
235,6/19/1940 0:00,24.4,102.5,,5.5,,,,2,,,China,2
236,8/1/1940 15:08,44.508,139.829,35,7.5,T,,,10,,,Japan,10
237,11/10/1940 1:39,45.773,26.655,122,7.3,,,,1000,980,,Romania ,1000
238,1/11/1941 8:32,16.4,43.5,,5.9,,,,1200,,,Yemen,1200
239,2/16/1941 16:38,33.5,58.6,,6.3,,,,680,,,Iran,680
240,4/15/1941 19:09,18.677,-102.957,35,7.6,,,,90,,,Mexico,90
241,5/5/1941 15:18,47,127.2,,6,,,,132,,,China,132
242,5/16/1941 7:14,23.514,99.408,25,6.9,,,,16,,,China,16
243,6/26/1941 11:52,12.149,92.478,49.1,7.7,T,,,,,,India,
244,9/10/1941 21:53,39.5,43.3,28,6,,,,500,,,Turkey ,500
245,10/8/1941 15:24,31.7,102.3,,6,,,,139,,,China,139
246,11/12/1941 10:04,39.7,39.4,70,5.9,,,,15,,,Turkey,15
247,11/18/1941 16:46,32,132,0,7.7,T,,,2,,,Japan,2
248,12/16/1941 19:19,23.251,120.391,35,7.1,,,,357,,,Taiwan ,357
249,12/26/1941 14:48,21.076,99.145,25,7,,,,,,,Burma,
250,2/1/1942 17:30,23.1,100.3,,6.8,,,,90,,,China,90
251,5/14/1942 2:13,0.012,-79.902,35,7.8,,,,200,200,,Ecuador,200
252,8/6/1942 23:37,13.78,-90.913,35,7.7,,,,38,,,Guatemala,38
253,8/24/1942 22:50,-14.975,-74.92,35,7.7,T,,,30,,,Peru,30
254,8/27/1942 6:14,41.7,20.4,33,6,,,,43,,,Albania,43
255,12/20/1942 14:03,40.671,36.45,35,7.2,,,,3000,3000,,Turkey ,3000
256,1/20/1943 15:32,40.8,30.5,,6.6,,,,285,,,Turkey,285
257,2/22/1943 9:20,17.75,-101.5,0,7.4,,,,11,,,Mexico,11
258,4/6/1943 16:07,-30.75,-72,0,8.2,T,,,18,,,Chile,18
259,6/20/1943 15:33,40.6,30.5,15,6.2,,,,336,,,Turkey ,336
260,7/23/1943 14:53,-9.5,110,90,7.6,,,,213,213,,Indonesia,213
261,9/10/1943 8:36,35.25,134,0,7,F,,,1083,1083,,Japan ,1083
262,11/26/1943 22:20,41,34,0,7.5,,,,4020,2824,,Turkey ,4020
263,12/2/1943 5:08,22.9,121.5,0,6.5,,,,3,,,Taiwan,3
264,1/15/1944 23:49,-31.25,-68.75,50,7.1,,,,8000,10000,,Argentina ,10000
265,2/1/1944 3:22,41.5,32.5,0,7.2,,,,3959,3959,,Turkey ,3959
266,3/9/1944 22:12,44,84,0,7.1,,,,4,,,China,4
268,10/6/1944 21:34,39.4,26.7,,6.8,,,,30,,,Turkey,30
269,12/7/1944 4:35,33.75,136,0,8.1,T,,,1251,998,,Japan ,1251
270,1/12/1945 18:38,34.75,136.75,0,6.8,T,,,2306,1961,,Japan ,2306
271,2/10/1945 4:57,41.25,142.5,50,7.1,T,,,2,,,Japan,2
272,3/20/1945 7:59,37.4,35.8,60,6,,,,300,,,Turkey,300
273,9/13/1945 11:17,-33.25,-70.5,100,7,,,,4,,,Chile,4
274,9/23/1945 15:34,39.5,119,,6.3,,,,600,,,China,600
275,11/27/1945 21:56,24.5,63,0,8,T,,,300,4000,,Pakistan ,4000
276,2/12/1946 2:43,36,5,,6,,,,277,,,Algeria,277
277,2/21/1946 15:43,38.2,31.8,60,5.6,,,,12,,,Turkey,12
278,4/1/1946 12:28,52.75,-163.5,0,7.3,T,,,173,165,,United States,173
279,5/31/1946 3:12,39.3,41.2,,5.9,,,,1300,,,Turkey ,1300
280,6/23/1946 17:13,49.75,-124.5,0,7.6,T,,,1,,,Canada ,1
281,8/2/1946 19:18,-26.5,-70.5,50,7.1,,,,2,,,Chile,2
282,8/4/1946 17:51,19.25,-69,0,7.9,T,,,100,73,,Dominican Republic,100
283,11/2/1946 18:28,41.5,72.5,0,7.3,,,,,,,Kyrgyzstan,
284,11/4/1946 21:47,39.75,54.5,0,7.1,,,,400,,,Turkmenistan,400
285,11/10/1946 17:42,-8.5,-77.5,0,6.8,,,,1400,1400,,Peru,1400
286,12/4/1946 22:46,22.5,122.5,0,6.6,,,,74,,,Taiwan ,74
287,12/20/1946 19:19,32.5,134.5,0,8.1,"T,F",,,1330,2000,,Japan ,2000
288,3/26/1947 20:48,25,102,,5.5,,,,4,,,China,4
289,9/23/1947 12:28,33,59,0,6.8,,,,500,,,Iran,500
290,9/26/1947 16:01,24.75,123,110,7.4,,,,5,,,Japan,5
291,10/6/1947 19:55,37,22,0,6.9,T,,,,,,Greece,
292,11/1/1947 14:58,-10.5,-75,0,7.7,,,,233,233,,Peru,233
293,1/24/1948 17:46,10.5,122,0,8.1,T,,,72,27,,Philippines,72
294,5/11/1948 8:55,-17.5,-70.25,70,7.4,,,,4,,,Peru,4
295,5/25/1948 7:11,29.5,100.5,0,7.2,,,,737,,,China,737
296,5/28/1948 5:36,-13,-76.5,60,7,,,,4,,,Peru,4
297,6/15/1948 11:44,33.75,135.25,0,6.9,,,,2,,,Japan,2
298,6/27/1948 0:08,26.4,99.7,,6.8,,,,280,,,China,280
299,6/28/1948 7:13,36.5,136,0,7,F,,,3769,5131,,Japan ,5131
300,6/30/1948 12:21,38.5,20.5,33,6.4,,,,6,,,Greece,6
301,8/25/1948 6:09,-24.5,-65,50,6.9,,,,5,,,Argentina ,5
302,10/5/1948 20:12,37.5,58,0,7.2,,,,19800,110000,,Turkmenistan ,110000
303,10/8/1948 19:01,27.4,104,,5.8,,,,9,,,China,9
304,12/4/1948 0:22,22,-106.5,0,6.9,,,,4,,,Mexico,4
305,2/23/1949 16:08,41,83.5,0,7.3,,,,12,,,China,12
306,4/13/1949 19:55,47.25,-122.5,60,6.5,,,,8,8,,United States,8
307,4/20/1949 3:29,-38,-73.5,70,7.1,,,,57,,,Chile,57
308,7/10/1949 3:53,39,70.5,0,7.6,,,,12000,,,Tajik Soviet,12000
309,7/23/1949 15:03,38.6,26.3,0,6.8,T,,,7,,,Turkey,7
310,8/5/1949 19:08,-1.5,-78.25,0,6.8,,,,6000,6000,,Ecuador ,6000
311,8/17/1949 18:44,39.5,40.6,0,6.8,,,,320,437,,Turkey ,437
312,12/17/1949 6:53,-54,-71,0,7.8,,,,1,,,Chile ,1
313,12/17/1949 15:07,-54,-71,0,7.8,,,,3,,,Chile,3
314,12/29/1949 3:03,18,121,0,7.2,T,,,15,,,Philippines,15
315,5/21/1950 18:37,-13.5,-72,,6,,,,120,,,Peru,120
316,6/19/1950 12:36,-6.25,112,0,6.8,,,,16,,,Indonesia,16
317,8/3/1950 22:18,10.5,-68,8,6.8,,,,100,,,Venezuela,100
318,8/15/1950 14:09,28.5,96.5,0,8.6,L,,,3300,1500,,China ,3300
319,12/9/1950 21:38,-23.5,-67.5,100,7.7,,,,4,,,Chile,4
320,7/9/1951 0:04,16.1,-96.8,50,6.2,,,,1,,,Mexico,1
321,8/13/1951 18:33,40.8,33.4,0,6.7,,,,50,,,Turkey ,50
322,10/21/1951 21:34,23.75,121.5,0,7.5,,,,68,,,Taiwan ,68
323,11/24/1951 18:50,23,122.5,0,7.3,,,,17,,,Taiwan ,17
324,1/3/1952 6:03,39.9,41.7,,6,,,,103,,,Turkey ,103
325,3/4/1952 1:22,42.5,143,0,8.1,T,,,33,30,,Japan,33
326,6/11/1952 0:31,-31.581,-68.467,25,6.5,,,,5,,,Argentina ,5
327,7/17/1952 16:09,34.4,135.8,64,6.8,,,,9,,,Japan,9
328,7/21/1952 11:52,34.949,-119.046,10,7.3,,,,12,14,,United States,14
329,8/17/1952 16:02,30.797,91.648,10,7.7,,,,54,,,China,54
330,8/22/1952 22:41,35.333,-118.917,16,5.8,,,,2,,,United States,2
332,11/4/1952 16:58,52.755,160.057,22.2,9,T,,,,,,Russian Federation,
333,1/25/1953 19:47,18.4,-73.4,,5.7,,,,2,,,Haiti,2
334,2/12/1953 8:15,35.4,55.1,,6.4,,,,973,,,Iran,973
335,3/18/1953 19:06,40.12,27.621,15,7.2,,,,1103,1200,,Turkey ,1200
336,5/6/1953 17:16,-37.254,-72.92,68.4,7.5,T,,,19,,,Chile,19
337,8/12/1953 9:23,38.046,20.766,15,7.2,,,,800,455,,Greece ,800
338,9/10/1953 4:06,35,32.5,,6.5,,,,40,,,Cyprus,40
339,9/14/1953 0:26,-18.3,178.2,33,6.8,T,,,8,,,Fiji ,8
340,12/12/1953 17:31,-3.597,-80.847,19,7.5,T,,,7,7,,Peru,7
341,2/11/1954 0:30,38.876,101.212,35,7.1,,,,47,,,China,47
342,4/30/1954 13:02,39.187,22.239,25,6.8,,,,31,,,Greece,31
343,7/2/1954 2:45,13,123.9,0,6.8,,,,22,13,,Philippines,22
345,9/9/1954 1:04,36.2,1.6,0,6.7,,,,1409,1250,,Algeria ,1409
346,3/31/1955 18:17,7.386,122.878,54.2,7.7,,,,465,400,,Philippines,465
347,4/14/1955 1:29,29.981,101.613,10,7.5,,,,94,39,,China,94
348,4/15/1955 3:40,39.816,74.64,35,7.1,,,,5,,,China,5
349,4/19/1955 20:24,-29.9,-71.6,0,6.9,T,,,1,,,Chile,1
350,4/21/1955 7:18,39.5,23,,6,,,,7,,,Greece,7
351,7/16/1955 7:07,37.6,27.2,0,6.8,,,,23,,,Turkey,23
352,9/12/1955 6:09,32.2,29.6,33,6.7,,,,18,20,,Egypt,20
353,9/1/1955 17:33,10,-84.5,,5.8,,,,10,,,Costa Rica,10
354,9/23/1955 15:06,26.6,101.7,0,6.9,,,,593,,,China,593
355,1/12/1956 5:46,47.5,19.3,,5.8,,,,2,,,Hungary,2
356,2/20/1956 20:31,40,30.5,,5.8,,,,4,,,Turkey,4
357,3/16/1956 19:32,35.5,35.5,,5.8,,,,148,,,Syrian Arab,148
358,6/9/1956 23:13,35.042,67.479,35,7.6,L,,,350,100,,Afghanistan,350
359,7/9/1956 3:11,36.617,26.026,35,7.8,T,,,53,,,Greece,53
360,7/16/1956 15:07,21.969,95.802,32.1,7.1,,,,38,,,Burma,38
361,7/21/1956 15:32,23,70,,6.1,,,,111,,,India,111
362,9/29/1956 23:20,35.642,140.31,67,6.9,,,,1,,,Japan,1
363,10/31/1956 14:03,27.283,54.405,35,6.8,,,,410,,,Iran,410
364,2/20/1957 4:41,36.2,8.9,,5.6,,,,13,,,Tunisia,13
365,2/23/1957 20:26,23.917,121.517,56.8,7.2,,,,7,,,Taiwan,7
366,3/8/1957 12:21,39.267,22.607,10,6.9,,,,2,,,Greece,2
367,4/25/1957 2:25,36.387,28.609,63.4,7,,,,67,,,Turkey,67
368,5/26/1957 6:33,40.672,31.042,15,7.2,,,,500,53,,Turkey ,500
369,7/2/1957 0:42,36.09,52.701,35,7.1,,,,1200,2500,,Iran,2500
370,7/28/1957 8:40,16.881,-99.297,37.2,7.8,T,,,160,160,,Mexico,160
371,12/4/1957 3:37,45.153,99.206,35,8.1,,,,,,,Mongolia,
372,12/13/1957 1:45,34.278,47.712,35,6.8,,,,2000,3000,,Iran,3000
373,1/15/1958 19:14,-16.779,-72.503,68.6,7,,,,28,28,,Peru,28
374,1/19/1958 14:07,1.054,-79.48,35,7.8,T,,,20,,,Ecuador,20
375,2/7/1958 23:23,31.577,103.912,14.2,6.8,,,,,,,China,
376,3/11/1958 0:26,24.433,124.351,109.9,7.2,,,,2,,,Japan,2
377,4/14/1958 21:32,0.706,-79.575,35,6.8,,,,3,,,Ecuador,3
378,7/10/1958 6:15,58.37,-136.665,35,7.3,T,,,5,,,US Territory,5
379,8/16/1958 19:13,34.259,47.869,35,6.7,,,,200,191,,Iran,200
380,9/4/1958 21:51,-33.785,-70.112,35,6.8,,,,7,,,Chile,7
381,10/20/1958 1:12,-9.5,112.5,100,6.7,,,,7,,,Indonesia,7
382,4/26/1959 20:40,24.687,122.792,126.3,7.5,,,,1,,,Japan,1
383,5/4/1959 7:15,53.351,159.645,35,8,T,,,1,,,Russian Federation,1
384,5/24/1959 19:17,17.45,-97.145,69.6,7,,,,5,,,Mexico,5
385,6/14/1959 0:12,-20.369,-68.881,111.6,7.5,,,,1,,,Chile,1
386,8/15/1959 8:57,21.952,120.97,25,7.2,,,,17,,,Taiwan ,17
387,8/18/1959 6:37,44.548,-110.636,15,7.3,,,,28,28,,United States,28
388,8/26/1959 8:25,18.16,-94.417,32.4,6.9,,,,25,,,Mexico,25
389,9/1/1959 11:37,40.9,19.8,11,6.1,,,,2,,,Albania,2
390,1/13/1960 15:40,-15.814,-72.788,95.4,7.5,,,,63,57,,Peru,63
391,1/15/1960 9:30,-14.961,-75.162,97.2,6.9,,,,63,,,Peru,63
392,2/21/1960 8:13,36,4.1,33,5.6,,,,47,,,Algeria,47
393,2/29/1960 23:40,30.5,-9.5,,5.7,,,,13100,,,Morocco ,13100
394,4/24/1960 12:14,28,54.5,,6,,,,420,,,Iran,420
395,5/22/1960 10:30,-37.963,-73.173,38,6.8,T,,,,,,Chile,
396,5/22/1960 19:11,-38.235,-73.047,35,9.5,T,,,5700,6000,,Chile ,6000
397,9/22/1960 9:05,-3.6,29,28,6.6,,,,24,,,Democratic Republic,24
398,11/20/1960 22:02,-6.727,-80.606,52,7.8,T,,,11,,,Peru,11
399,2/26/1961 18:10,31.632,131.548,49.9,7.7,T,,,2,,,Japan,2
400,6/1/1961 23:29,10.44,39.858,23.9,6.6,,,,30,,,Ethiopia,30
401,6/11/1961 5:10,27.865,54.558,35,6.8,,,,61,,,Iran,61
402,8/19/1961 5:33,36.07,136.7,35,6.9,,,,8,,,Japan,8
403,12/20/1961 13:25,4.587,-75.542,162.9,6.9,,,,23,,,Colombia,23
404,1/8/1962 1:00,18.291,-70.461,32.6,6.7,,,,1,,,Dominican Republic,1
405,5/11/1962 14:11,17.171,-99.651,35,7.3,T,,,4,,,Mexico,4
406,5/19/1962 14:58,17.008,-99.764,35,6.7,T,,,30,,,Mexico,30
407,7/30/1962 20:19,5.096,-76.626,150,6.9,,,,47,,,Colombia,47
408,8/28/1962 10:59,37.874,22.737,107.7,6.8,,,,1,,,Greece,1
409,9/1/1962 19:20,35.556,49.81,17.6,6.9,,,,12225,12000,,Iran ,12225
410,2/13/1963 8:50,24.356,122.06,35,7.3,T,,,15,,,Taiwan,15
411,7/16/1963 18:27,43.163,41.527,35,6.7,,,,2,,,Georgia,2
412,9/24/1963 16:30,-10.694,-78.212,65.3,6.9,,,,1,,,Peru,1
413,6/26/1963 4:17,,,,6.1,,,1100,,,,Macedonia ,1100
414,1/8/1964 22:30,-3.737,119.419,60,5.5,,,,8,,,Indonesia,8
415,1/18/1964 12:04,23.15,120.656,21,6.4,,,,106,107,,Taiwan ,107
416,3/28/1964 3:36,61.017,-147.648,6.6,9.2,T,,,131,131,,United States,131
417,4/2/1964 1:11,5.987,95.404,129.2,5.6,T,,,110,,,Indonesia,110
418,5/7/1964 5:45,-3.93,35.112,31.6,6.3,,,,1,4,,Tanzania,4
419,6/14/1964 12:15,38.08,38.475,10.4,5.5,,,,8,,,Turkey,8
420,6/16/1964 4:01,38.434,139.226,13.1,7.5,"T,F",,,26,25,,Japan ,26
421,7/6/1964 7:22,18.194,-100.51,92.7,7.2,,,,30,,,Mexico,30
422,10/6/1964 14:31,40.25,28.208,31,6,,,,23,23,,Turkey,23
423,1/24/1965 0:11,-2.455,125.965,28.4,8.2,T,,,71,,,Indonesia ,71
424,2/23/1965 22:11,-25.667,-70.71,38.5,6.5,,,,1,,,Chile,1
425,3/9/1965 17:57,39.229,23.825,4.7,5.6,,,,2,38,,Greece,38
426,3/28/1965 16:33,-32.492,-71.212,69.9,7.4,,,,337,400,,Chile,400
427,3/31/1965 9:47,38.339,22.299,50.3,6.3,,,,6,,,Greece,6
428,4/19/1965 23:42,34.842,138.278,38.7,5.6,,,,2,,,Japan,2
429,4/29/1965 15:28,47.317,-122.335,65.4,6.5,,,,7,7,,United States,7
430,7/6/1965 3:18,38.391,22.426,23.3,5.8,T,,,1,,,Greece,1
431,8/23/1965 19:46,16.178,-95.846,10.5,7.4,T,,,5,,,Mexico ,5
432,11/13/1965 4:33,43.84,87.755,51.6,7,,,,7,,,China,7
433,2/5/1966 2:01,39.044,21.757,21.4,6.2,,,,1,,,Greece,1
434,2/5/1966 15:12,26.16,103.171,9.2,5.6,,,,371,,,China,371
435,3/7/1966 21:29,37.388,114.963,7.7,6.6,,,,,0,,China,0
436,3/12/1966 16:31,24.307,122.695,28.9,7.4,T,,,7,,,Japan,7
437,3/20/1966 1:42,0.842,29.873,15,7.2,,,,200,128,,Democratic Republic,200
438,3/22/1966 8:11,37.551,114.991,17.7,5.6,,,,8064,,,China ,8064
440,6/27/1966 10:41,29.554,80.854,22.7,6,,,,80,80,,Nepal,80
441,8/1/1966 21:02,30.051,68.629,9.8,7,,,,2,,,Pakistan,2
442,8/15/1966 2:15,28.616,78.892,25,5.6,,,,15,,,India,15
443,8/19/1966 12:22,39.161,41.58,17.5,5.8,,,,2517,2394,,Turkey ,2517
444,9/28/1966 14:00,27.457,100.089,5.5,5.8,,,,32,,,China,32
445,10/17/1966 21:41,-10.807,-78.684,20.7,8.2,T,,,110,120,,Peru,120
446,10/29/1966 2:39,38.874,21.176,11.3,5.7,,,,1,,,Greece,1
447,12/28/1966 8:18,-25.502,-70.655,30,7.7,T,,,3,4,,Chile,4
448,2/9/1967 15:24,2.889,-74.799,40.4,7.2,,,,98,61,,Colombia,98
449,2/19/1967 22:14,-9.168,112.946,97.9,5.9,,,,54,54,,Indonesia,54
450,3/27/1967 8:58,38.516,116.601,26.8,5.5,,,,9,,,China,9
451,4/12/1967 4:51,5.084,96.232,18.6,6.1,T,,,14,,,Indonesia,14
452,5/1/1967 7:09,39.552,21.291,13,5.9,,,,9,,,Greece,9
453,7/22/1967 16:56,40.632,30.74,4.2,7.4,,,,173,183,,Turkey ,183
454,7/26/1967 18:52,39.502,40.408,8.7,5.6,,,,110,,,Turkey,110
455,7/29/1967 10:24,6.788,-73.073,160.9,5.9,,,,20,,,Colombia,20
456,7/29/1967 20:05,10.555,-67.31,23.7,6.5,,,,240,240,,Venezuela ,240
457,8/30/1967 4:22,31.631,100.232,8.1,7,,,,39,,,China,39
458,10/25/1967 0:59,24.464,122.221,67.1,7,,,,2,,,Taiwan,2
459,11/30/1967 7:23,41.379,20.456,36.5,5.8,,,,18,7,,Albania,18
460,12/10/1967 22:51,17.394,73.774,10.7,6.3,,,,180,177,,India ,180
461,12/21/1967 2:25,-21.864,-69.948,42.5,7.4,T,,,1,,,Chile,1
462,1/14/1968 0:00,,,,6.4,,,,,,380,Italy ,
463,2/19/1968 22:45,39.372,24.946,8.1,7.2,T,,,20,19,,Greece,20
464,4/1/1968 0:42,32.482,132.192,30.2,7.5,T,,,1,,,Japan,1
465,5/16/1968 0:49,40.903,143.346,25.8,8.3,T,,,52,47,,Japan,52
466,5/23/1968 17:24,-41.743,172.123,46.7,7.2,,,,3,,,New Zealand,3
467,6/19/1968 8:13,-5.558,-77.151,15.6,6.9,,,,46,11,,Peru,46
468,7/2/1968 3:44,17.515,-100.259,58.3,5.7,,,,1,,,Mexico,1
469,8/1/1968 20:19,16.384,122.078,52.2,7.7,T,,,207,271,,Philippines ,271
470,8/2/1968 14:06,16.494,-97.771,49.8,7.3,,,,18,,,Mexico,18
471,8/14/1968 22:14,0.058,119.69,18.8,7.3,T,,,392,,,Indonesia,392
472,8/31/1968 10:47,34.045,58.96,12.3,7.2,,,,15000,10000,,Iran ,15000
473,9/1/1968 7:27,34.072,58.212,8.8,6.3,,2000,2000,900,10000,,Iran ,10000
474,9/3/1968 8:19,41.771,32.452,4.9,5.7,T,25,25,29,29,,Turkey,29
475,9/20/1968 6:00,10.731,-62.719,102.6,6.2,T,2,2,3,,,Venezuela,3
476,9/25/1968 10:38,15.551,-92.66,122.4,5.8,T,15,15,48,15,,Mexico,48
477,2/11/1969 22:08,41.426,79.239,13.1,7.1,,,,2,,,China,2
478,2/23/1969 0:37,-3.179,118.799,60.6,5.9,T,,,600,,,Indonesia,600
479,2/28/1969 2:40,35.923,-10.568,32.5,7.8,T,13,13,13,,,Portugal ,13
480,3/28/1969 1:48,38.535,28.467,9.3,6.4,,53,53,53,41,,Turkey,53
481,3/29/1969 9:15,11.939,41.219,12,6.3,,24,24,40,24,,Ethiopia,40
482,3/31/1969 7:15,27.511,33.936,3.5,6.8,,2,2,2,,,Egypt,2
483,7/18/1969 5:24,38.421,119.453,12,7.2,,,,10,,,China ,10
484,7/25/1969 22:49,21.612,111.809,3.4,5.9,,3000,3000,33,3000,,China ,3000
485,9/9/1969 5:15,35.786,137.093,7.5,6,,0,0,1,,,Japan,1
486,9/29/1969 20:03,-33.19,19.336,15,6.3,,12,12,12,9,,South Africa,12
487,10/1/1969 5:05,-11.835,-75.195,6.5,6.2,,136,136,136,150,,Peru,150
488,10/2/1969 6:19,38.3,-122.764,15,5.7,,,,1,,,United States,1
489,10/26/1969 15:36,44.807,17.353,15,5.6,,14,14,20,15,,Bosnia and,20
490,10/27/1969 8:10,44.837,17.234,15,6.1,,,,9,,,Bosnia and,9
491,1/4/1970 17:00,24.147,102.462,14,7.2,,,,15621,10000,,China ,15621
492,1/20/1970 17:33,42.523,143.024,34.9,6.4,,1,1,,,,Japan,1
493,2/5/1970 22:05,12.6,122.058,7.7,6.6,,3,3,3,,,Philippines,3
494,3/28/1970 21:02,39.172,29.55,24.2,7.4,,1086,1086,1086,1086,,Turkey ,1086
495,4/7/1970 5:34,15.772,121.659,28.3,7.2,,14,14,15,14,,Philippines,15
496,5/14/1970 9:20,43.079,47.08,13.2,5.5,,,,,,,Russian Federation,
497,5/14/1970 18:12,43.102,47.071,12.7,6.5,,,,,,,Russian Federation,
498,5/31/1970 20:23,-9.248,-78.84,73,7.9,L,0,70000,66794,66794,,Peru ,70000
499,6/5/1970 4:53,42.492,78.719,4,6.6,,,,,,,Kyrgyzstan,
500,7/30/1970 0:52,37.836,55.887,10.9,6.6,,176,176,220,176,,Iran,220
501,7/31/1970 17:08,-1.486,-72.563,644.6,8,,1,1,1,,,Colombia,1
502,10/31/1970 17:53,-4.907,145.471,8.1,7.3,"T,L",15,15,5,15,,Papua New,15
503,11/14/1970 7:58,22.839,121.363,27.6,6.1,,2,2,2,,,Taiwan,2
504,12/10/1970 4:34,-4.079,-80.662,20.1,7.1,,81,81,81,29,,Peru,81
505,2/9/1971 14:00,34.401,-118.392,6.4,6.7,"L,Lq",65,65,58,65,,United States,65
506,4/3/1971 4:49,32.178,95.028,15,5.6,,,,1,,,China,1
507,4/12/1971 19:03,28.264,55.608,5.6,5.9,,,,1,,,Iran,1
508,4/28/1971 15:32,22.953,100.993,8,6.3,,,,2,,,China,2
509,5/12/1971 6:25,37.555,29.746,28.8,5.9,,100,100,57,,,Turkey,100
510,5/22/1971 16:44,38.868,40.542,3.6,6.7,,1000,1000,995,878,,Turkey ,1000
511,6/17/1971 21:00,-25.423,-69.052,90.1,7.2,,1,1,1,,,Chile,1
512,7/9/1971 3:03,-32.558,-71.085,59,7.8,T,83,83,83,85,,Chile,85
513,7/14/1971 6:11,-5.519,153.906,44.5,8,T,0,1,2,,,Papua New,2
514,7/26/1971 1:48,39.848,77.246,41.1,5.8,,,,1,,,China,1
515,7/27/1971 2:02,-2.825,-77.362,94.5,7.3,,1,1,1,,,Ecuador,1
516,8/16/1971 4:58,28.879,103.672,22.7,5.5,,,,10,,,China,10
517,10/12/1971 9:45,15.797,-91.137,35.5,5.7,,,,2,,,Guatemala,2
518,10/15/1971 10:33,-14.183,-73.399,80,5.7,,5,5,14,,,Peru,14
519,10/27/1971 17:58,-15.578,167.32,60.9,6.3,,1,1,1,,,Vanuatu,1
520,1/25/1972 2:06,22.549,122.325,10.1,7.5,T,1,1,1,,,Taiwan,1
521,3/20/1972 7:33,-6.81,-76.78,49.8,6.9,,7,7,7,,,Peru,7
522,4/10/1972 2:06,28.408,52.789,6,6.7,,5054,5054,5010,5057,,Iran ,5057
523,4/24/1972 9:57,23.604,121.534,21,6.9,,4,4,5,,,Taiwan ,5
524,6/24/1972 15:29,36.255,69.684,31.1,6.1,,11,11,11,,,Afghanistan,11
525,9/3/1972 16:48,35.949,73.321,32.9,6.2,,100,100,100,,,Pakistan,100
526,12/23/1972 6:29,12.347,-86.128,7.3,6.2,,5000,5000,10000,10000,,Nicaragua ,10000
527,1/30/1973 21:01,18.455,-102.96,37.2,7.5,T,17,17,56,17,,Mexico,56
528,2/6/1973 10:37,31.353,100.545,10,7.7,,,,2199,,,China,2199
529,3/17/1973 8:30,13.415,122.804,44.3,7.5,T,15,15,15,14,,Philippines,15
530,4/14/1973 8:34,10.673,-84.86,30.3,6.5,,26,26,26,,,Costa Rica,26
531,4/24/1973 21:30,4.907,-78.114,28.8,6.6,,1,1,1,,,Colombia,1
532,8/16/1973 3:58,23.003,101.078,6.4,6.4,,,,1,,,China,1
533,8/28/1973 9:50,18.233,-96.608,80.6,7.2,,600,600,600,500,,Mexico ,600
534,11/11/1973 7:14,30.535,52.951,2,5.5,,1,1,1,,,Iran,1
535,11/23/1973 13:36,38.486,-28.329,18.5,5.2,,1,1,1,,,Portugal,1
536,11/24/1973 14:05,36.201,4.473,33.1,5.1,,4,4,4,,,Algeria,4
537,1/5/1974 8:33,-12.351,-76.307,91.9,6.6,,10,10,10,,,Peru,10
538,2/1/1974 0:01,38.54,27.263,11.9,5.4,,2,2,,,,Turkey,2
539,4/22/1974 0:29,31.533,119.28,14.2,5.5,,,,8,,,China,8
540,5/8/1974 23:33,34.57,138.771,11.3,6.7,T,27,27,30,30,,Japan,30
541,5/10/1974 19:25,28.195,104.007,10.2,6.8,,,,1541,,,China ,1541
542,6/12/1974 16:25,10.509,-63.429,7.9,6.5,,3,3,5,,,Venezuela,5
543,7/13/1974 1:18,7.737,-77.631,3.8,7.3,,11,11,11,,,Panama,11
544,8/3/1974 18:16,36.016,139.901,51.4,5.6,,2,2,,,,Japan,2
545,10/2/1974 2:54,-5.882,-81.019,20.5,5.7,,,,,78,,Peru,78
546,10/3/1974 14:21,-12.254,-77.523,33.5,8.1,T,78,78,78,,,Peru,78
547,12/28/1974 12:11,35.026,72.898,12.5,6.2,,5300,5300,5300,,,Pakistan ,5300
548,1/19/1975 8:02,32.373,78.474,5,6.8,,47,47,47,47,,India ,47
549,2/4/1975 11:36,40.667,122.646,8,7,,,,1328,10000,2041,China ,10000
550,2/9/1975 4:45,-6.774,106.634,15,5.6,,1,1,1,,,Indonesia,1
551,3/7/1975 7:04,27.477,56.224,11,6.1,,7,7,7,,,Iran,7
552,3/13/1975 15:26,-29.91,-71.393,31.3,6.9,T,2,2,2,,,Chile,2
553,4/5/1975 9:34,10.065,-69.666,22.4,6.3,,3,3,3,,,Venezuela,3
554,7/8/1975 12:04,21.452,94.598,117.6,6.5,,,,1,,,Burma,1
556,7/19/1975 6:10,31.937,78.605,12.8,5.3,,2,2,,,,India,2
557,9/6/1975 9:20,38.515,40.768,39.6,6.7,,2311,2311,2370,2385,,Turkey ,2385
558,10/31/1975 8:28,12.535,125.997,52.5,7.6,T,1,1,1,,,Philippines,1
560,11/29/1975 14:47,19.452,-155.034,2.1,7.2,T,2,2,2,,,United States,2
562,12/31/1975 9:45,38.526,21.714,15,5.5,,1,1,1,,,Greece,1
563,1/13/1976 13:29,66.226,-16.578,15,6.3,,,,,1,,Iceland,1
564,2/4/1976 9:01,15.296,-89.145,12.3,7.5,T,23000,23000,22870,23000,,Guatemala ,23000
565,2/4/1976 9:30,14.812,-90.469,60.4,5.4,,,,,,,Guatemala ,
566,2/19/1976 13:59,19.864,-76.899,21.1,5.9,,1,1,1,,,Cuba,1
567,3/13/1976 16:30,14.725,-91.006,15,5.4,L,4,4,4,,,Guatemala,4
568,3/19/1976 13:03,36.587,67.758,18.2,5.6,L,49,49,49,50,,Afghanistan,50
571,4/5/1976 16:54,40.23,112.222,7,5.5,,,,28,,,China,28
572,4/9/1976 7:08,0.85,-79.564,17,6.6,,8,8,8,10,,Ecuador,10
573,4/29/1976 22:18,40.935,42.875,35,5.5,,4,4,4,,,Turkey,4
574,5/6/1976 20:00,46.385,13.266,20.7,6.5,,900,900,965,922,,Italy ,965
575,5/15/1976 21:55,-11.66,-74.419,19,6.7,L,5,5,5,,,Peru,5
576,5/17/1976 2:58,40.373,63.428,14.8,6.7,,6,6,6,0,,Uzbekistan,6
577,5/29/1976 12:23,24.501,98.93,6.5,6.7,,,,98,,,China,98
578,5/29/1976 14:00,24.581,98.61,7.6,6.6,,,,,,,China,
579,6/25/1976 19:18,-4.531,140.109,15,7.1,L,422,7422,6000,420,,Indonesia ,7422
581,7/14/1976 7:13,-8.228,114.774,24.8,6.5,,563,563,563,573,,Indonesia,573
582,7/21/1976 15:10,24.768,98.667,4.3,6.1,,,,11,,,China,11
583,7/27/1976 19:42,39.605,117.888,16.7,7.6,,655237,655237,242800,242000,,China ,655237
584,7/28/1976 10:45,39.723,118.359,18.2,7,,,,,,,China,
585,8/16/1976 14:06,32.753,104.088,10.7,6.7,,,,,0,,China ,0
586,8/16/1976 16:11,6.292,124.089,57.9,8,T,,6500,8000,6000,,Philippines ,8000
587,8/17/1976 4:19,7.259,122.96,20.2,7.1,,,,,,,Philippines,
589,8/23/1976 3:30,32.481,104.182,7.9,6.4,,,,41,,,China,41
590,9/11/1976 16:31,46.339,13.181,4.2,5.5,L,5,5,5,,,Italy,5
591,9/15/1976 3:15,46.314,13.206,0.9,6,,11,11,11,,,Italy ,11
592,9/15/1976 9:21,46.354,13.087,9.7,5.9,,0,0,2,,,Italy,2
593,10/6/1976 9:12,-0.726,-78.732,4.7,5.7,,9,9,9,,,Ecuador,9
594,10/29/1976 2:51,-4.475,139.991,15,6.8,,133,133,6000,,,Indonesia,6000
595,11/6/1976 18:04,27.554,101.021,7.7,6.3,,,,33,,,China,33
596,11/7/1976 4:00,33.82,59.18,6.5,6,,17,17,17,16,,Iran,17
597,11/24/1976 12:22,39.082,44.031,8.9,7,,5000,5000,3900,3840,,Turkey ,5000
598,11/30/1976 0:40,-20.472,-68.896,133.7,7.5,,1,1,1,,,Chile,1
599,12/8/1976 8:38,-27.979,26.677,10,5.2,,4,4,4,,,South Africa,4
600,12/13/1976 6:36,27.336,101.024,3.4,5.9,,,,2,,,China,2
601,1/1/1977 21:39,38.185,91.014,5.3,6,,,,2,,,China,2
602,3/4/1977 21:21,45.776,26.702,89,7.5,,,,1581,1641,,Romania ,1641
603,3/18/1977 21:43,16.755,122.285,32.5,7.2,,1,1,1,1,,Philippines,1
604,3/21/1977 21:18,27.583,56.363,12,6.7,,167,167,167,167,,Iran,167
605,3/25/1977 2:39,38.647,40.057,17.4,5.3,,30,30,30,30,,Turkey,30
606,4/6/1977 13:36,31.954,50.643,9.4,6,,348,348,366,352,,Iran,366
607,4/21/1977 4:24,-10.009,160.816,45.1,7.3,T,0,18,18,,,Solomon Islands,18
608,5/26/1977 1:35,38.896,44.324,16.9,5.6,,3,3,3,3,,Iran,3
609,8/19/1977 5:08,-11.18,118.37,29.4,5.7,T,,,,185,,Indonesia,185
610,8/19/1977 6:08,-11.126,118.38,22.6,8.3,T,,189,189,,,Indonesia,189
611,8/27/1977 7:12,-8.136,125.326,44.6,7,,2,2,2,,,Indonesia,2
612,8/31/1977 0:42,7.351,-76.159,21.3,6.5,,3,3,3,,,Colombia,3
613,11/23/1977 9:26,-31.082,-67.78,19.5,7.4,"L,Lq",70,70,70,,,Argentina ,70
614,12/10/1977 5:46,27.687,56.578,13.9,5.6,,3,3,,3,,Iran,3
615,12/19/1977 23:34,30.911,56.413,11.6,5.9,,584,584,665,589,,Iran,665
616,1/14/1978 3:24,34.803,139.294,10.7,6.6,T,21,25,25,21,,Japan,25
617,2/22/1978 6:07,14.268,-91.399,66.9,6.3,,2,2,2,,,Guatemala,2
618,3/11/1978 19:20,38.046,15.99,22.2,5.2,,2,2,2,,,Italy,2
619,3/16/1978 2:00,29.928,66.234,10.2,6.1,,1,1,,,,Afghanistan,1
620,3/19/1978 1:39,16.932,-99.782,11,6.6,,1,1,1,,,Mexico,1
621,4/15/1978 23:33,38.381,15.073,17,6,,5,5,5,,,Italy,5
622,6/12/1978 8:06,38.235,142.105,46.2,5.7,T,,,28,,,Japan,28
623,6/12/1978 8:14,38.224,142.009,53.3,7.6,,22,22,,,,Japan ,22
624,6/19/1978 10:31,40.732,23.257,7.7,5.3,,1,1,1,50,,Greece,50
625,6/20/1978 20:03,40.76,23.303,7.4,6.5,,50,50,50,,,Greece ,50
628,9/16/1978 15:35,33.242,57.382,8.2,7.4,,15000,15000,18220,25000,,Iran ,25000
629,11/29/1978 19:52,16.011,-96.603,24.8,7.8,T,9,9,9,9,,Mexico,9
630,12/14/1978 7:05,32.128,49.634,18.9,6.1,,76,76,76,45,,Iran,76
631,12/23/1978 11:23,23.217,122.009,45.5,7,,2,2,2,,,Taiwan,2
632,1/16/1979 9:50,33.909,59.471,9.9,6.5,,200,200,200,,,Iran,200
633,2/16/1979 10:08,-16.537,-72.553,55.1,7.1,,18,18,18,13,,Peru,18
634,3/14/1979 11:07,17.758,-101.221,24.7,7.4,T,5,5,15,5,,Mexico,15
635,3/15/1979 12:52,23.162,101.106,13.5,6,,,,12,,,China,12
636,4/15/1979 6:19,41.999,19.156,15,6.9,T,156,156,129,121,,Montenegro ,156
637,5/30/1979 9:38,-8.345,115.864,20,6.2,,37,37,22,34,,Indonesia,37
639,7/9/1979 10:57,31.472,119.27,12.6,5.4,,41,41,42,,,China,42
640,9/12/1979 5:17,-1.682,135.974,17.6,7.5,T,15,15,15,2,,Indonesia,15
641,9/19/1979 21:35,42.773,13.01,15,5.8,,5,5,5,5,,Italy,5
642,10/20/1979 1:41,-8.363,115.782,52,6.4,,2,2,2,,,Indonesia,2
643,10/27/1979 14:35,13.829,-90.841,56.5,6.8,,4,4,7,,,Guatemala,7
644,11/2/1979 15:53,-7.746,108.165,72.1,6.5,,30,30,23,26,,Indonesia,30
645,11/6/1979 5:26,39.52,20.375,28.1,5.4,,1,1,1,,,Greece,1
646,11/14/1979 2:21,33.956,59.726,9.1,6.5,,280,280,280,350,,Iran,350
647,11/23/1979 23:40,4.793,-76.19,107.7,7.2,L,52,52,52,60,,Colombia,60
648,11/27/1979 17:10,34.056,59.754,7.4,7,,17,17,17,16,,Iran,17
649,12/12/1979 7:59,1.603,-79.363,23.6,8.1,T,600,600,600,300,,Colombia,600
650,12/15/1979 0:02,-3.339,102.567,13,6.5,,8,8,8,5,,Indonesia,8
651,12/17/1979 19:58,-8.487,115.753,15,6.5,,27,27,32,32,,Indonesia,32
652,1/1/1980 16:42,38.726,-27.751,12.2,6.9,,60,60,56,69,,Portugal ,69
653,1/24/1980 19:00,37.712,-121.728,15,5.8,,0,0,1,,,United States,1
655,6/9/1980 3:28,32.268,-114.908,4.6,6.3,,1,1,1,,,Mexico,1
656,7/9/1980 2:11,39.257,23.008,17.2,6.6,,1,1,1,,,Greece,1
657,7/22/1980 5:17,37.322,50.262,25,5.5,,1,1,1,,,Iran,1
658,7/29/1980 14:58,29.623,81.103,14.4,6.5,,188,188,100,100,,Nepal,188
659,8/9/1980 5:45,15.912,-88.49,16.9,6.5,,2,2,2,2,,Guatemala,2
660,8/18/1980 15:07,-1.987,-80.002,55.9,5.9,,8,8,8,8,,Ecuador,8
661,8/23/1980 21:36,32.922,75.693,14.5,5.5,,15,15,15,13,,India,15
662,8/23/1980 21:50,32.893,75.776,11.3,5.5,,,,13,,,India,13
663,9/23/1980 19:10,35.997,139.74,82.7,5.3,,1,1,,2,,Japan,2
664,9/24/1980 17:54,35.525,140.062,71.5,6,,2,2,,,,Japan,2
665,10/10/1980 12:25,36.143,1.404,15,7.1,,5000,5000,3500,2633,,Algeria,5000
666,10/10/1980 15:39,36.213,1.577,12.4,6.2,,,,,,,Algeria ,
667,10/24/1980 14:53,18.175,-98.235,64.3,7.1,,300,300,65,65,,Mexico ,300
669,11/19/1980 19:00,27.392,88.795,38.5,6.3,,0,0,3,0,,India,3
670,11/23/1980 18:34,40.788,15.31,6.9,6.9,,3000,4900,2483,4689,,Italy ,4900
672,12/19/1980 1:16,34.472,50.643,12.7,6.2,,26,26,26,20,,Iran,26
673,12/22/1980 12:51,34.427,50.634,16.4,5.7,,3,3,3,4,,Iran,4
674,1/19/1981 15:11,-4.513,139.283,20,6.6,,305,1305,1300,,,Indonesia ,1305
675,1/23/1981 21:13,30.956,101.168,10.9,6.5,,150,150,126,150,,China ,150
678,2/24/1981 20:53,38.159,22.976,16.2,6.7,,16,16,21,22,,Greece,22
679,2/25/1981 2:35,38.097,23.17,6,6.4,,,,,,,Greece,
680,3/4/1981 21:58,38.197,23.3,14.9,6.2,,0,1,,,,Greece,1
681,3/7/1981 11:34,38.181,23.335,37.1,5.4,,1,1,1,,,Greece,1
682,3/10/1981 15:16,39.382,20.813,36.4,5.4,L,0,2,2,2,,Greece,2
683,4/18/1981 0:32,-13.116,-74.373,40.8,5.5,,8,8,8,8,,Peru,8
684,6/11/1981 7:24,29.858,57.686,17.3,6.6,,3000,3000,3000,2000,,Iran,3000
685,6/13/1981 7:29,36.198,67.836,21,5.6,,1,1,1,,,Afghanistan,1
686,6/21/1981 10:30,-20.276,-70.384,36,5.7,,,,,10,,Chile,10
687,6/22/1981 17:53,-13.185,-74.463,15.6,5.8,,6,6,6,,,Peru,6
688,7/28/1981 17:22,29.976,57.767,13.6,7.2,,1500,1500,1500,1200,,Iran,1500
689,9/12/1981 7:15,35.685,73.597,14.7,6.1,L,220,220,229,250,,Pakistan,250
690,10/16/1981 3:25,-33.178,-73.033,44.9,7.1,,0,1,1,,,Chile,1
691,10/18/1981 4:31,8.111,-72.501,39.3,5.9,L,15,15,15,10,,Colombia,15
692,10/25/1981 3:22,18.115,-102.009,19,7.2,,3,3,9,3,,Mexico,9
694,1/23/1982 14:10,23.951,121.752,11.8,6,,,,1,,,Taiwan,1
695,3/23/1982 5:10,-12.341,-77.538,59.1,5.1,,2,2,2,,,Peru,2
696,3/28/1982 23:24,-12.743,-76.01,90.8,6.3,,3,3,3,3,,Peru,3
698,6/7/1982 10:59,16.518,-98.347,18.9,6.9,,9,9,9,,,Mexico,9
699,6/15/1982 23:24,31.871,99.872,10.3,5.6,,10,10,11,10,,China,11
700,6/19/1982 6:21,13.337,-89.313,72.8,7.3,L,43,43,43,,,El Salvador,43
701,9/29/1982 5:50,14.494,-89.102,13.9,5.6,,3,3,3,,,Honduras,3
702,11/15/1982 20:07,35.585,1.361,7.1,5.2,,3,3,3,,,Algeria,3
703,11/16/1982 23:41,40.78,19.666,21.9,5.6,,1,1,1,1,,Albania,1
704,12/13/1982 9:12,14.675,44.223,7,6.2,L,2800,2800,2800,1507,,Yemen ,2800
705,12/16/1982 0:40,36.136,68.933,35.5,6.4,,450,450,500,500,,Afghanistan,500
706,12/25/1982 12:28,-8.43,122.97,6.7,5.9,L,13,13,13,13,,Indonesia,13
707,2/13/1983 1:40,39.994,75.173,9,6.2,,0,0,1,,,China,1
709,3/15/1983 17:27,34.797,137.58,34.5,5.4,,1,1,,,,Japan,1
710,3/25/1983 11:57,36.042,52.295,14.6,5.4,L,30,30,100,30,,Iran,100
711,3/31/1983 13:12,2.439,-76.659,30.1,5.6,,300,300,241,250,,Colombia ,300
712,4/3/1983 2:50,8.721,-83.078,25,7.4,,1,6,1,10,,Costa Rica,10
713,4/4/1983 2:51,5.722,94.687,85.6,7,,,,,0,,Indonesia,0
714,4/5/1983 6:50,39.972,75.215,10.7,5.8,,,,,,,China,
715,4/12/1983 12:07,-4.846,-78.091,125.9,7,,,,10,,,Peru,10
716,5/26/1983 2:59,40.473,139.091,17,7.7,T,104,107,104,102,,Japan,107
717,7/3/1983 17:14,9.612,-83.707,14.5,6.3,L,2,2,2,2,,Costa Rica,2
718,7/5/1983 12:01,40.309,27.254,2.6,6.1,,5,5,5,,,Turkey ,5
720,7/22/1983 2:41,36.942,49.213,20,5.6,,3,3,3,3,,Iran,3
722,8/8/1983 3:47,35.507,139.045,18.1,5.6,L,1,1,1,1,,Japan,1
723,8/17/1983 12:17,18.206,120.785,29,6.6,"L,Lq",16,16,24,19,,Philippines,24
724,10/4/1983 18:52,-26.539,-70.502,23.9,7.6,"T,L",5,5,5,,,Chile,5
725,10/25/1983 0:36,1.151,120.841,26.6,6.5,,,,2,,,Indonesia,2
726,10/28/1983 14:06,44.078,-113.8,16,6.9,L,2,2,2,2,,United States,2
727,10/30/1983 4:12,40.327,42.176,15,6.6,,1342,1342,1400,1346,,Turkey ,1400
728,11/6/1983 21:09,35.223,115.204,32.1,5.5,,34,34,45,34,,China,45
730,12/16/1983 13:15,39.351,72.929,13.3,5.9,,,,,12,,Tajikistan,12
731,12/21/1983 23:32,-5.446,151.895,42.2,6.2,,,,10,10,,Papua New,10
732,12/22/1983 4:11,11.862,-13.511,7.8,6.3,,443,643,643,275,,Guinea,643
733,12/30/1983 23:52,36.405,70.677,215.9,7.4,,26,26,12,24,,Afghanistan,26
734,1/8/1984 15:24,-2.866,118.726,43.6,6.7,T,2,2,2,2,,Indonesia,2
736,2/1/1984 14:22,34.564,70.446,9,6.1,,1,1,1,1,,Afghanistan,1
737,2/16/1984 17:18,36.447,70.84,208.1,6.4,,4,4,4,4,,Afghanistan,4
738,3/6/1984 2:17,29.372,138.871,459.1,7.4,,0,1,,,,Japan,1
740,5/7/1984 17:49,41.738,13.889,21.4,5.9,,3,3,7,3,,Italy,7
741,5/11/1984 10:41,41.755,13.901,10.9,5.5,,0,3,,,,Italy,3
742,5/13/1984 12:45,42.974,17.829,37,5.4,,0,1,1,,,Bosnia and,1
743,5/21/1984 15:37,32.604,121.602,43.8,6,,,,13,,,China,13
745,6/24/1984 11:17,17.981,-69.371,45.1,6.7,,,,5,,,Dominican Republic,5
746,6/24/1984 18:18,18.039,-69.233,24.8,5.2,,5,5,,,,Dominican Republic,5
747,9/13/1984 23:48,35.801,137.466,1.1,6.2,L,24,24,29,20,,Japan ,29
749,9/18/1984 13:26,40.892,42.241,10,5.5,,3,3,3,3,,Turkey,3
750,10/18/1984 9:46,40.711,42.447,35,5.4,,3,3,3,3,,Turkey,3
751,12/30/1984 23:33,24.684,92.864,3.4,6,,20,20,,20,,India,20
752,1/26/1985 3:06,-33.109,-68.593,19.2,5.9,,6,6,6,6,,Argentina ,6
753,2/2/1985 20:52,28.352,52.972,13.8,5.4,,1,1,1,1,,Iran,1
754,3/3/1985 22:47,-33.132,-71.762,40,7.9,"T,Lq",177,177,177,180,,Chile ,180
756,3/17/1985 10:41,-32.712,-71.68,22,6.5,,0,1,,,,Chile ,1
757,3/18/1985 19:49,7.776,123.512,26.5,6.5,,0,2,,2,,Philippines,2
758,3/19/1985 10:28,-18.567,-63.6,29.7,5.8,,2,2,2,,,Bolivia,2
760,4/9/1985 1:56,-34.134,-71.535,38,7.1,,0,2,,,,Chile ,2
761,4/18/1985 5:52,25.891,102.885,4.1,5.7,,23,23,22,,,China ,23
762,4/24/1985 1:07,16.541,120.812,5.3,6.1,L,6,6,6,,,Philippines,6
763,5/10/1985 15:35,-5.601,151.056,47.2,7.2,L,1,1,1,,,Papua New,1
764,7/29/1985 7:54,36.165,70.857,100.1,7.4,L,5,5,5,5,,Afghanistan,5
765,8/23/1985 12:41,39.447,75.264,4.3,6.9,,71,71,67,67,,China ,71
766,9/11/1985 20:45,39.356,75.415,21.2,6.1,,4,4,3,,,China,4
767,9/15/1985 2:42,-4.064,136.093,4.2,6.3,,10,10,10,10,,Indonesia,10
768,9/19/1985 13:17,18.42,-102.38,15,8,"T,L",9500,9500,9500,9500,,Mexico ,9500
769,9/21/1985 1:37,17.831,-101.623,17.6,7.5,T,,,,,,Mexico,
770,10/13/1985 15:59,40.337,69.81,15.9,5.8,L,29,29,,29,,Tajikistan,29
771,10/27/1985 19:34,36.386,6.846,30.4,5.8,,6,6,5,30,,Algeria,30
773,1/11/1986 19:42,-9.512,-77.437,56.7,5.1,,1,1,1,1,,Peru,1
775,4/5/1986 20:14,-13.402,-71.757,49,5.2,L,16,16,16,15,,Peru,16
776,4/26/1986 7:35,32.118,76.397,10.2,5.5,,6,6,6,6,,India,6
777,5/5/1986 3:35,37.999,37.781,4.1,6,,15,15,15,15,,Turkey,15
778,5/13/1986 8:44,41.404,43.704,10,5.7,,2,2,2,2,,Georgia,2
779,5/20/1986 5:25,24.146,121.643,15.8,6.2,,1,1,1,,,Taiwan,1
780,6/6/1986 10:39,38.007,37.91,22.5,5.8,L,1,1,1,,,Turkey,1
781,6/11/1986 13:48,10.573,-62.911,13.9,6.2,,2,2,2,,,Venezuela,2
782,7/12/1986 7:54,29.911,51.557,5.4,5.7,,1,1,1,1,,Iran,1
783,7/13/1986 13:47,33.066,-117.84,15,5.8,L,0,0,1,0,,United States,1
784,7/18/1986 17:22,10.743,-69.424,8.3,5.4,,0,1,,1,,Venezuela,1
785,8/6/1986 19:55,29.28,100.754,10.8,5.3,,,,2,,,China,2
786,8/30/1986 21:28,45.521,26.271,136,7.2,,2,2,2,,,Romania ,2
787,9/13/1986 17:24,37.072,22.176,21.7,6,,20,20,21,20,,Greece,21
788,10/10/1986 17:49,13.791,-89.165,10.9,7.3,L,950,1000,1500,1100,,El Salvador,1500
789,11/14/1986 21:20,23.974,121.727,34,7.3,L,15,15,13,,,Taiwan,15
790,12/7/1986 14:17,43.278,26.003,4.8,5.6,,3,3,3,3,,Bulgaria,3
794,2/8/1987 18:33,-6.025,147.665,42.3,7.3,"T,L,Lq",0,3,3,1,,Papua New,3
795,3/2/1987 1:42,-38.015,176.921,15,6.5,L,0,1,,1,,New Zealand,1
796,3/5/1987 9:17,-24.395,-70.1,46.3,7.5,T,1,1,1,,,Chile,1
797,3/6/1987 1:54,0.04,-77.666,12.6,6.4,L,,,,5000,,Ecuador ,5000
798,3/6/1987 4:10,0.082,-77.787,17.1,7.1,L,1000,5000,5000,,,Ecuador,5000
800,3/18/1987 3:36,32.051,131.785,54,6.6,"T,L",1,2,1,,,Japan,2
801,4/25/1987 19:22,2.405,98.905,10,6.4,,2,2,2,2,,Indonesia,2
802,5/2/1987 20:43,44.809,10.68,15,5.2,,0,1,,,,Italy,1
803,5/18/1987 7:27,8.267,125.324,19.1,6.2,,1,1,1,,,Philippines,1
804,5/23/1987 17:09,8.023,125.479,22.4,5.7,,1,1,1,,,Philippines,1
805,5/29/1987 6:27,34.059,48.285,25,5.3,,2,2,2,2,,Iran,2
806,6/18/1987 10:01,17.324,121.353,13.9,5.9,L,0,9,9,,,Philippines,9
808,8/8/1987 15:48,-19.092,-70.005,70.7,7.2,L,5,5,5,5,,Chile,5
809,8/13/1987 15:23,-17.9,-70.909,37.6,6.5,,1,1,1,,,Peru,1
810,9/22/1987 13:43,-1.009,-78.031,4.8,6.3,L,2,2,2,2,,Ecuador ,2
811,10/1/1987 14:42,34.061,-118.135,14.4,5.9,,8,8,8,8,,United States,8
812,10/2/1987 22:27,-8.166,-77.961,29.8,5.6,,3,3,3,,,Peru ,3
813,10/4/1987 10:59,34.02,-118.137,11.3,5.2,,0,1,,,,United States,1
814,11/24/1987 1:54,33.257,-115.756,15,6,,0,2,2,2,,United States,2
815,11/26/1987 1:43,-8.259,124.149,27.3,6.5,"T,L",37,37,83,125,,Indonesia,125
816,12/17/1987 2:08,35.421,140.322,47.3,6.5,,2,2,2,2,,Japan,2
817,1/5/1988 6:41,-26.905,26.694,15,5.2,,0,8,8,8,,South Africa,8
818,2/6/1988 14:50,24.713,91.579,35,5.8,,2,2,2,2,,Bangladesh,2
820,6/19/1988 20:19,12.355,121.085,12.7,6.2,,2,2,1,,,Philippines,2
821,7/20/1988 23:15,23.986,121.679,51,5.9,L,1,1,1,,,Taiwan,1
822,8/6/1988 0:36,25.105,95.126,90.5,7.2,L,3,35,3,2,,Burma,35
823,8/10/1988 4:38,-10.32,160.933,34,7.5,T,0,1,1,1,,Solomon Islands,1
824,8/11/1988 16:00,29.944,51.585,7.8,5.8,,,,,1,,Iran,1
825,8/11/1988 16:04,29.886,51.655,11,6,,1,1,1,,,Iran,1
826,8/20/1988 23:09,26.763,86.618,57,6.8,Lq,998,998,1450,709,,Nepal ,1450
828,9/6/1988 0:42,-6.062,146.226,0,4.3,L,,,74,,,Papua New,74
829,11/3/1988 14:47,13.908,-90.501,75.2,6.6,L,5,5,5,5,,Guatemala,5
830,11/6/1988 13:03,22.909,99.681,6.5,7,L,730,730,748,,,China,748
831,11/6/1988 13:15,23.186,99.411,8.9,6.4,,,,,,,China,
832,12/7/1988 7:41,40.919,44.118,6.7,6.7,,25000,25000,25000,25000,,Armenia ,25000
833,1/22/1989 23:02,38.461,68.699,3.4,5.3,L,,274,274,274,,Tajikistan,274
834,2/19/1989 12:27,36.038,139.86,45.4,5.5,,1,1,,,,Japan,1
835,3/9/1989 2:37,-13.683,34.473,27.4,5.6,,,,,9,,Malawi,9
836,3/10/1989 14:14,-4.332,152.842,49.6,5.8,L,0,1,1,,,Papua New,1
837,3/10/1989 21:49,-13.708,34.485,30,6.3,,9,9,9,,,Malawi ,9
838,4/15/1989 20:34,29.955,99.202,13.8,6.4,,11,11,8,8,,China,11
839,4/25/1989 14:29,16.779,-99.275,19,6.9,,3,3,3,3,,Mexico,3
840,5/7/1989 0:38,23.538,99.519,25.4,5.6,,1,1,1,,,China,1
841,5/27/1989 20:08,30.148,50.892,15,6,,0,0,,100,,Iran,100
842,6/12/1989 0:04,21.927,89.872,20,5.8,,1,1,1,1,,Bangladesh,1
843,6/26/1989 3:27,19.417,-155.149,9,6.4,"T,L",0,0,,5,,United States,5
844,7/21/1989 3:09,30.001,99.362,5.9,5.6,,,,3,,,China,3
845,8/1/1989 0:18,-4.48,138.983,14,6.1,L,0,120,120,120,,Indonesia,120
846,8/3/1989 7:42,43.536,45.355,35,5.1,,1,1,1,,,Russian Federation,1
847,8/8/1989 8:13,37.134,-121.925,15,5.4,,1,1,1,,,United States,1
848,8/20/1989 11:16,11.746,41.96,12,6.5,L,2,2,2,,,Djibouti,2
849,9/22/1989 2:25,31.555,102.422,10.9,6.1,,0,0,1,0,,China,1
850,10/18/1989 0:04,37.11,-121.764,16,6.9,"T,L",62,62,63,62,,United States,63
851,10/18/1989 14:57,39.959,113.94,5.6,5.4,,29,29,29,29,,China,29
852,10/18/1989 17:01,40.014,113.933,4.5,5.6,,,,17,,,China,17
853,10/29/1989 19:09,36.706,2.441,6,5.9,,30,30,35,22,,Algeria,35
854,10/29/1989 19:21,36.706,2.437,16.6,5.6,,,,,,,Algeria,
855,11/20/1989 3:21,29.883,106.826,24.7,5.2,,4,4,7,4,,China,7
856,11/20/1989 4:19,29.898,57.716,14.9,5.9,,3,3,3,,,Iran,3
857,12/15/1989 18:43,8.365,126.686,24,7.5,,1,1,2,,,Philippines,2
858,12/27/1989 23:26,-33.02,151.602,9.7,5.5,,12,12,9,,,Australia ,12
859,2/8/1990 7:15,9.767,124.631,26,6.7,,,,,1,,Philippines,1
861,3/4/1990 19:46,28.906,66.354,8.3,6,,11,11,11,11,,Pakistan,11
862,3/26/1990 22:47,9.283,125.564,51.1,5.9,,1,1,1,,,Philippines,1
863,4/18/1990 13:39,1.195,122.816,26,7.6,,3,3,3,5,,Indonesia,5
864,4/26/1990 9:37,36.059,100.278,9.3,6.2,,,,119,126,,China,126
865,4/26/1990 9:37,36.059,100.278,9.3,6.4,L,126,126,,,,China,126
866,5/5/1990 7:21,40.665,15.851,1.7,5.8,,,,,2,,Italy,2
867,5/5/1990 7:21,40.712,15.805,9.1,5.8,,0,2,,,,Italy,2
868,5/30/1990 2:34,-6.022,-77.197,24,6.5,,135,135,135,,,Peru,135
869,5/30/1990 10:40,45.855,26.649,89,6.9,,13,14,14,22,,Romania,22
870,6/9/1990 1:14,-6.1,-77.133,23.5,5.5,,1,1,1,,,Peru,1
871,6/14/1990 7:40,11.39,122.045,18.1,7.1,,4,4,4,4,,Philippines,4
872,6/14/1990 12:47,47.877,85.064,36,6.6,,1,1,3,1,,Kazakhstan,3
873,6/17/1990 4:51,27.39,65.665,13.7,6.1,,6,6,,0,,Pakistan,6
874,6/20/1990 21:00,37.001,49.216,17.9,7.4,L,45000,45000,35000,40000,,Iran ,45000
875,6/21/1990 9:02,36.631,49.785,12.4,5.7,,20,20,20,,,Iran,20
876,7/13/1990 14:20,36.448,70.775,209.8,6.3,L,0,43,43,,,Afghanistan,43
877,7/16/1990 7:26,15.721,121.18,24.3,7.7,"L,Lq",1621,1621,2430,2412,,Philippines ,2430
878,8/11/1990 2:59,-0.172,-78.483,18.4,5.3,L,4,4,4,4,,Ecuador,4
881,10/20/1990 8:07,37.096,103.718,8,5.7,,1,1,2,1,,China,2
882,10/25/1990 4:53,35.09,70.429,110.2,5.8,,11,11,11,,,Afghanistan,11
883,11/6/1990 18:45,28.242,55.457,11.1,6.6,,22,22,22,21,,Iran,22
884,11/15/1990 2:34,3.939,97.405,30,6.7,L,1,1,7,1,,Indonesia,7
885,12/13/1990 0:24,37.286,15.402,12.1,5.6,,19,19,12,19,,Italy,19
886,12/13/1990 3:01,23.883,121.645,9.4,6.3,,2,2,2,,,Taiwan,2
887,12/21/1990 6:57,40.977,22.346,13,6.1,,1,1,1,1,,Greece,1
888,12/22/1990 17:27,9.982,-84.229,11.1,5.9,,1,2,1,1,,Costa Rica,2
889,1/5/1991 14:57,23.559,95.89,16.2,6.9,,,,2,0,,Burma,2
890,1/31/1991 23:03,35.944,70.403,142,6.8,L,,,703,3,,Afghanistan,703
892,3/25/1991 18:02,39.947,113.989,15,5.4,,0,0,1,,,China,1
893,4/5/1991 4:19,-5.977,-77.081,20,6.9,,53,53,53,,,Peru,53
894,4/18/1991 9:18,37.464,68.269,10.5,5.5,L,,,3,24,,Tajikistan,24
895,4/22/1991 21:56,9.673,-83.072,12.9,7.6,"T,L,Lq",75,75,75,47,,Costa Rica,75
897,4/29/1991 9:12,42.426,43.667,13.4,7,L,114,184,184,270,,Georgia ,270
898,5/3/1991 20:19,42.68,43.245,3.7,5.6,L,0,3,3,,,Georgia,3
899,5/4/1991 3:42,9.547,-82.44,6.9,6.2,Lq,0,0,2,0,,Panama,2
900,5/26/1991 10:59,5.858,116.652,48.6,5.1,,0,1,,,,Malaysia,1
901,6/15/1991 0:59,42.406,44.011,6,6.2,L,8,8,8,8,,Georgia,8
902,6/15/1991 11:15,15.165,120.316,46.4,5.6,,0,137,,,,Philippines,137
903,6/21/1991 6:27,13.408,-89.633,69.8,5.8,F,0,1,1,,,El Salvador,1
904,6/28/1991 14:43,34.237,-118.011,11,5.6,,1,2,1,2,,United States,2
905,7/4/1991 11:43,-8.146,124.587,29,6.7,T,23,23,23,28,,Indonesia ,28
906,7/12/1991 10:42,45.393,20.981,15,5.5,,2,2,2,,,Romania,2
907,7/23/1991 19:44,-15.707,-71.721,24.2,5.2,L,12,92,92,11,,Peru,92
908,7/24/1991 9:45,36.598,44.061,20,5.5,,20,20,20,,,Iraq,20
909,9/18/1991 9:48,14.604,-90.932,10.6,6.2,L,25,25,25,14,,Guatemala,25
910,10/19/1991 21:23,30.725,78.775,9.3,6.8,L,2000,2000,2000,1500,,India ,2000
911,11/19/1991 22:28,4.552,-77.356,21,7.2,,2,2,2,2,,Colombia,2
913,11/28/1991 17:19,36.826,49.582,18.4,5.6,L,1,1,1,,,Iran,1
915,3/4/1992 11:57,31.605,50.758,25,5.1,L,6,6,6,5,,Iran,6
916,3/7/1992 1:53,10.228,-84.302,79,6.5,,0,1,,,,Costa Rica,1
917,3/13/1992 17:18,39.727,39.651,7,6.6,L,498,,652,653,,Turkey ,653
918,4/13/1992 1:20,51.181,5.844,18,5.4,,0,1,,1,,Netherlands,1
919,4/23/1992 15:32,22.407,98.848,7.9,6.1,,0,0,4,,,Burma,4
920,5/15/1992 8:08,41.001,72.449,37.1,6.2,L,3,3,3,9,,Uzbekistan,9
921,5/20/1992 12:20,33.318,71.272,12.9,6,,36,36,36,36,,Pakistan,36
922,6/28/1992 11:57,34.19,-116.52,15,7.3,,1,3,1,1,,United States,3
923,8/19/1992 2:04,42.111,73.588,17.1,7.2,"L,Lq",61,75,75,54,,Kyrgyzstan,75
924,8/28/1992 0:50,29.211,66.82,6.4,5.5,,4,4,4,4,,Pakistan,4
925,9/2/1992 0:16,11.727,-87.38,45,7.6,T,,184,184,179,,Nicaragua ,184
926,9/8/1992 0:38,29.132,52.147,26.8,5.2,L,1,1,1,,,Iran,1
927,9/11/1992 3:57,-6.151,26.66,11,6.3,,8,8,8,9,,Democratic Republic,9
928,10/12/1992 13:09,29.714,31.144,22,5.8,,552,552,552,552,,Egypt ,552
929,10/18/1992 15:11,7.093,-76.764,3.5,7.1,"L,Lq",1,11,11,,,Colombia,11
931,10/23/1992 9:11,31.275,-4.291,25.2,5.5,,2,2,2,,,Morocco,2
932,10/23/1992 23:19,42.561,45.096,16,6.4,L,1,1,1,1,,Georgia,1
933,12/12/1992 5:29,-8.498,121.832,28,7.7,"T,L",,2519,1740,2500,,Indonesia ,2519
936,1/13/1993 17:11,18.052,-76.594,14.2,5.5,,1,1,1,,,Jamaica,1
937,1/15/1993 11:06,43.022,144.194,94.8,7.6,L,,,2,2,,Japan,2
938,1/15/1993 11:06,43.024,144.141,102,7.6,L,2,2,,,,Japan,2
940,2/2/1993 16:05,42.2,86.144,32,5.7,,,,4,,,China,4
941,3/12/1993 14:01,-14.409,-178.162,10,6.3,,5,5,5,5,,Wallis and,5
942,3/20/1993 14:51,29.009,87.356,14.1,6.2,,2,2,,,,China,2
943,3/26/1993 11:58,37.613,21.526,15,5.4,,0,0,,1,,Greece,1
944,4/18/1993 9:16,-11.721,-76.513,106,6.2,L,3,6,6,6,,Peru,6
945,6/22/1993 16:32,30.179,50.826,12.6,5.3,L,0,0,,24,,Iran,24
946,7/10/1993 20:40,9.824,-83.612,16.5,5.8,L,1,2,1,3,,Costa Rica,3
947,7/12/1993 13:17,42.892,139.247,17,7.7,"T,LF",200,243,230,239,,Japan ,243
948,7/22/1993 4:57,6.38,-71.206,20,6,,2,2,2,,,Colombia,2
949,8/1/1993 0:20,15.401,31.701,11.8,5.5,,2,2,2,3,,Sudan,3
950,9/10/1993 19:12,14.758,-92.646,34,7.2,L,1,1,1,,,Mexico,1
951,9/21/1993 3:28,42.305,-122.004,11,6,L,1,2,1,,,United States,2
952,9/29/1993 22:25,18.06,76.478,14.1,6.2,,9748,9748,9748,9748,,India ,9748
953,10/11/1993 15:54,32.03,137.926,351,6.9,,0,1,,,,Japan,1
954,10/13/1993 2:06,-5.844,146.131,25,6.9,L,,60,60,53,,Papua New,60
955,10/16/1993 3:05,-5.877,146.28,27,6.3,,3,3,3,,,Papua New,3
956,11/22/1993 22:43,11.718,-86.084,112.6,5.9,,0,1,,,,Nicaragua,1
957,11/30/1993 20:37,39.326,75.505,12.7,5.6,,0,0,2,,,China,2
958,1/17/1994 12:30,34.164,-118.563,19,6.7,"L,Lq",60,60,60,,33,United States,60
959,1/21/1994 2:24,1.043,127.773,20,6.9,,7,7,7,7,,Indonesia,7
960,2/5/1994 23:34,0.558,30.081,14,6.2,L,2,4,8,7,,Uganda,8
961,2/15/1994 17:07,-4.999,104.255,23,6.8,L,,207,207,207,,Indonesia,207
962,2/23/1994 8:02,30.788,60.532,7,6.1,,6,6,6,9,,Iran,9
963,3/1/1994 3:49,29.143,52.638,12.9,6,L,2,2,2,3,,Iran,3
964,3/2/1994 3:38,19.941,-72.814,6.7,5.4,,4,4,4,,,Haiti,4
965,5/1/1994 12:00,36.934,67.124,17.5,6.1,,,,,160,,Afghanistan,160
966,5/26/1994 8:26,35.25,-4.089,10,5.9,,0,0,2,,,Morocco,2
967,6/2/1994 18:17,-10.409,112.934,34.5,7.8,T,,277,277,,,Indonesia ,277
968,6/5/1994 1:09,24.455,121.85,11,6.3,"T,L",1,1,1,,,Taiwan,1
969,6/6/1994 20:47,2.908,-75.971,12,6.8,L,295,795,800,,,Colombia ,800
970,6/9/1994 0:33,-13.86,-67.512,631,8.2,L,1,5,10,0,,Bolivia ,10
971,6/20/1994 9:09,29.053,52.671,10.8,5.9,L,3,3,3,2,,Iran,3
972,7/4/1994 21:36,14.887,-97.312,15,6.4,,2,2,2,,,Mexico,2
973,8/18/1994 1:13,35.464,-0.084,9,5.8,,159,159,159,171,,Algeria,171
975,9/16/1994 6:20,22.555,118.719,13,6.7,,1,1,5,1,,Taiwan ,5
976,10/4/1994 13:22,43.863,147.353,14,8.3,"T,L",,11,11,5,,Russian Federation,11
977,10/8/1994 21:44,-1.206,127.98,17,6.8,T,1,1,1,1,,Indonesia,1
978,11/14/1994 19:15,13.543,121.059,32,7.1,"T,Lq",78,78,78,81,,Philippines,81
979,12/28/1994 12:19,40.523,143.43,27,7.7,T,3,3,3,2,,Japan,3
980,1/16/1995 20:46,34.58,135.025,22,6.9,"L,F,Lq",5502,5530,6432,5297,,Japan ,6432
981,1/19/1995 15:05,5.044,-72.936,17,6.5,L,7,7,7,7,,Colombia,7
982,2/3/1995 15:26,41.488,-109.785,1,5.3,,0,1,1,,,United States,1
983,2/8/1995 18:40,4.052,-76.589,74,6.3,L,42,42,42,40,,Colombia,42
984,2/23/1995 5:19,24.233,121.706,43.6,6.2,L,0,2,2,,,Taiwan,2
985,2/23/1995 21:03,35.06,32.269,18,5.9,,2,2,,2,,Cyprus,2
987,3/26/1995 15:12,-2.133,-79.509,95.5,5.6,,,,,1,,Ecuador,1
988,5/13/1995 8:47,40.144,21.718,14,6.6,,0,0,,26,,Greece,26
989,5/14/1995 11:33,-8.462,125.039,11,6.9,"T,L",0,11,11,,,Indonesia,11
990,5/21/1995 6:13,-8.288,122.944,26.4,5.2,,1,1,1,,,Indonesia,1
991,5/27/1995 13:03,52.604,142.823,11,7,,1989,1989,1989,1989,,Russian Federation,1989
992,6/15/1995 0:15,38.444,22.309,14,6.2,,26,26,26,26,,Greece,26
993,6/25/1995 6:59,24.62,121.679,60.3,5.9,L,0,1,1,,,Taiwan,1
994,7/11/1995 21:46,21.948,99.103,9.2,6.8,,11,11,11,11,,Burma,11
995,7/21/1995 22:44,36.436,103.166,7.4,5.6,,14,14,14,14,,China,14
996,7/30/1995 5:11,-23.34,-70.253,46,8,"T,L",3,3,3,3,,Chile ,3
997,9/14/1995 14:04,16.849,-98.608,23,7.3,,3,3,3,6,,Mexico,6
998,10/1/1995 15:57,38.077,30.143,31,6.4,,101,101,101,94,,Turkey,101
999,10/3/1995 1:51,-2.79,-77.823,24,7,,2,2,2,2,,Ecuador,2
1000,10/6/1995 18:09,-2.007,101.45,36.6,6.7,L,84,84,84,84,,Indonesia,84
1001,10/9/1995 15:35,19.053,-104.208,26.4,8,"T,L",49,49,58,,,Mexico ,58
1002,10/23/1995 22:46,25.947,102.22,14.7,6.2,,81,81,53,46,,China,81
1003,11/22/1995 4:15,28.762,34.808,14,7.2,Lq,9,10,10,10,,Saudi Arabia,10
1004,12/19/1995 20:56,15.175,-90.171,15,5.3,L,0,1,1,,,Guatemala,1
1005,12/19/1995 23:28,-3.665,140.263,63,6.4,,0,2,2,,,Indonesia,2
1006,1/1/1996 8:05,0.714,119.905,24,7.9,T,8,9,10,9,,Indonesia,10
1007,2/3/1996 11:14,27.271,100.262,12.2,6.6,,322,322,309,309,,China ,322
1008,2/17/1996 5:59,-0.918,136.973,35.8,8.2,T,108,166,166,166,,Indonesia ,166
1009,2/21/1996 12:51,-9.722,-79.868,15,7.5,T,0,7,,,,Peru ,7
1010,3/19/1996 15:00,40.043,76.621,18.9,6.3,,24,24,24,26,,China,26
1011,3/28/1996 23:03,-1.031,-78.659,9,5.9,L,27,27,,27,,Ecuador,27
1012,4/29/1996 14:40,-6.518,155.116,38,7.2,,1,1,1,,,Papua New,1
1013,5/3/1996 3:32,40.777,109.713,24.5,6,,18,18,26,18,,China,26
1014,8/14/1996 1:55,40.697,35.293,25.8,5.7,L,0,0,1,0,,Turkey,1
1015,9/24/1996 19:24,27.212,100.332,8.2,5.5,,,,1,0,,China,1
1016,10/9/1996 13:10,34.562,32.143,22,6.8,,1,2,2,,,Cyprus,2
1017,11/12/1996 16:59,-14.959,-75.562,21,7.7,T,14,14,15,14,,Peru,15
1018,1/11/1997 20:28,18.193,-102.795,35,7.1,,1,1,1,1,,Mexico,1
1019,1/21/1997 1:48,39.536,76.879,15,5.9,,12,12,12,12,,China ,12
1020,1/22/1997 17:57,36.199,35.902,46.1,5.7,,0,0,1,,,Turkey,1
1021,2/4/1997 10:37,37.724,57.305,15,6.5,,100,100,100,100,,Iran,100
1022,2/27/1997 21:08,29.979,68.165,34.9,7.1,L,60,60,57,50,,Pakistan ,60
1023,2/28/1997 12:57,38.108,48.069,9.7,6.1,,1100,1100,1100,1100,,Iran ,1100
1024,3/1/1997 6:04,39.45,76.817,19.3,5.6,,2,2,1,2,,China,2
1026,4/5/1997 23:46,39.525,76.83,15,5.9,,0,0,,9,,China,9
1027,4/11/1997 5:34,39.536,76.892,20,6.1,,9,9,9,9,,China,9
1028,5/10/1997 7:57,33.848,59.81,12.6,7.2,L,1572,1572,1572,1568,,Iran ,1572
1030,5/13/1997 14:13,36.467,70.968,196,6.4,,1,1,,,,Afghanistan,1
1031,5/21/1997 22:51,23.072,80.083,36,5.8,,38,38,38,43,,India ,43
1032,5/21/1997 23:50,42.83,-7.231,17.1,5.3,,0,1,,,,Spain,1
1033,7/9/1997 19:24,10.45,-63.532,10,6.9,L,81,81,81,80,,see 1997,81
1035,9/26/1997 9:40,43.078,12.781,6,6,,11,11,11,14,,Italy ,14
1036,9/28/1997 1:38,-3.773,119.658,13,5.8,,18,18,17,20,,Indonesia,20
1037,10/15/1997 1:03,-30.878,-71.167,58,7.1,L,7,8,8,8,,Chile ,8
1038,11/6/1997 2:34,46.771,-71.387,22.5,5.1,,0,1,1,,,Canada,1
1039,11/21/1997 11:23,22.26,92.715,54,6.1,,23,23,23,23,,India ,23
1040,1/10/1998 3:50,41.137,114.523,5,5.7,F,70,70,49,49,,China,70
1041,1/30/1998 12:16,-23.85,-70.147,42,7,,0,1,,,,Chile,1
1042,2/4/1998 14:33,37.08,70.004,17.6,5.9,L,2323,2323,2323,2323,,Afghanistan ,2323
1043,2/20/1998 12:18,36.479,71.074,236,6.3,L,1,1,1,1,,Afghanistan,1
1044,3/14/1998 19:40,30.126,57.585,13.8,6.6,,5,5,5,5,,Iran,5
1045,3/26/1998 16:26,43.224,12.919,10,5.4,,0,1,,,,Italy,1
1046,4/10/1998 15:00,32.447,60.063,7,5.7,,12,12,12,,,Iran,12
1047,4/12/1998 10:55,46.271,13.653,7.5,5.6,L,0,1,,0,,Slovenia,1
1048,5/22/1998 4:48,-17.783,-65.401,24,6.6,,105,105,105,95,,Bolivia,105
1049,5/30/1998 6:22,37.185,70.075,35.5,6.5,L,4000,4000,4000,4700,,Afghanistan ,4700
1050,6/27/1998 13:55,36.903,35.325,16,6.3,,145,145,145,,,Turkey ,145
1051,7/9/1998 5:19,38.621,-28.566,9,6.1,,10,10,10,10,,Portugal,10
1052,7/9/1998 14:19,38.726,48.525,29,5.9,,,,,1,,Azerbaijan,1
1053,7/17/1998 4:51,23.503,120.711,11,5.7,L,5,5,5,,,Taiwan,5
1054,7/17/1998 8:49,-2.946,142.52,23,7,T,0,2683,2700,,,Papua New,2700
1055,7/29/1998 7:14,-32.327,-71.244,51,6.4,L,0,2,,,,Chile,2
1056,8/4/1998 18:59,-0.594,-80.313,20,7.1,L,3,3,3,3,,Ecuador ,3
1057,8/27/1998 9:03,39.572,77.298,28,6.3,,3,3,3,,,China,3
1058,9/9/1998 11:27,40,15.975,10,5.6,,1,2,1,,,Italy,2
1059,9/28/1998 13:34,-8.177,112.34,151.6,6.5,,1,1,1,,,Indonesia,1
1060,11/13/1998 13:01,27.791,53.642,12.5,5.4,L,5,5,5,5,,Iran,5
1061,11/19/1998 11:38,27.263,100.955,4.8,5.6,L,5,5,6,3,,China,6
1062,11/29/1998 14:10,-1.939,124.818,16,7.7,,41,41,41,,,Indonesia,41
1063,12/11/1998 20:16,36.518,71,219,5.6,,5,5,5,,,Afghanistan,5
1064,1/25/1999 18:19,4.444,-75.659,17,6.1,L,1185,1885,1900,1186,,Colombia ,1900
1065,2/11/1999 14:08,34.323,69.165,25.5,6,,70,70,70,70,,Afghanistan,70
1066,2/21/1999 18:14,43.262,46.909,41.9,5.3,,1,1,1,1,,Russian Federation,1
1067,3/4/1999 5:38,28.271,57.207,27.7,6.6,,1,1,1,1,,Iran,1
1068,3/28/1999 19:05,30.475,79.401,10.7,6.5,L,100,100,100,100,,India ,100
1069,4/3/1999 6:17,-16.602,-72.518,85,6.8,L,1,1,1,,,Peru,1
1070,4/22/1999 22:19,-27.953,26.679,6.5,5.7,,0,2,2,,,South Africa,2
1071,5/6/1999 23:00,29.519,51.907,16.3,6.2,,26,26,26,20,,Iran,26
1072,6/4/1999 9:12,40.767,47.483,14,5.4,,0,0,,1,,Azerbaijan,1
1073,6/15/1999 20:42,18.381,-97.445,63,6.9,L,16,20,17,15,,Mexico ,20
1074,7/11/1999 14:14,15.791,-88.285,15,6.7,,1,2,1,,,Guatemala,2
1075,7/22/1999 10:42,21.658,91.933,25,5.2,,6,6,6,6,,Bangladesh,6
1077,8/17/1999 0:01,40.773,30.003,13.3,7.6,,17118,,17118,17127,45000,Turkey ,17127
1078,8/31/1999 8:10,40.767,29.912,8.4,5.1,,1,1,1,1,,Turkey,1
1079,9/7/1999 11:56,38.119,23.598,10,6,,143,143,143,143,,Greece ,143
1080,9/13/1999 11:55,40.736,30.089,13,5.8,,6,7,6,6,,Turkey,7
1081,9/20/1999 17:47,23.819,120.877,21,7.6,L,2297,2297,2413,2264,2489,Taiwan ,2413
1082,9/25/1999 23:52,23.813,121.087,17,6.5,L,,,5,,,Taiwan,5
1083,9/29/1999 0:13,40.736,29.35,7.6,5.2,,1,1,1,,,Turkey,1
1084,9/30/1999 16:31,16.055,-96.905,40,7.4,L,15,15,35,31,,Mexico ,35
1085,10/22/1999 2:18,23.531,120.443,14,5.8,,1,1,1,1,,Taiwan,1
1087,11/11/1999 14:41,40.74,30.247,10,5.6,,1,2,1,3,,Turkey,3
1088,11/12/1999 16:57,40.803,31.219,12.8,7.2,L,894,894,894,845,,Turkey ,894
1090,11/26/1999 13:21,-16.316,168.239,33,7.4,"T,L",,10,10,12,,Vanuatu,12
1091,12/3/1999 17:06,40.482,42.354,6.4,5.7,L,1,1,1,,,Turkey,1
1092,12/11/1999 18:03,15.779,119.776,40,7.2,,1,5,1,6,,Philippines,6
1094,12/21/1999 14:14,-6.823,105.498,42,6.4,,5,5,5,5,,Indonesia,5
1095,12/22/1999 17:36,35.21,-1.316,2.3,5.6,,24,24,24,22,,Algeria,24
1096,1/14/2000 22:09,25.549,101.118,13.6,5.5,,,,,7,,China ,7
1097,1/14/2000 23:37,25.567,101.071,24.9,5.9,,7,7,7,,,China ,7
1099,2/2/2000 22:58,35.238,58.213,22.7,5.3,,1,1,1,1,,Iran,1
1100,5/4/2000 4:21,-1.14,123.522,26,7.5,T,46,46,46,45,,Indonesia,46
1102,5/12/2000 18:43,-23.754,-66.777,225,7.2,,0,1,1,,,Argentina,1
1103,5/17/2000 3:25,24.167,121.078,15,5.4,L,3,3,3,,,Taiwan,3
1104,6/4/2000 16:28,-4.76,102.031,33.8,7.9,L,103,103,103,103,,Indonesia,103
1105,6/5/2000 23:55,-4.151,101.953,47,5.5,,,,,1,,Indonesia,1
1106,6/6/2000 2:41,40.737,33.005,7,6,,2,2,2,2,,Turkey,2
1107,6/7/2000 23:45,-4.651,101.848,32,6.7,,1,1,1,,,Indonesia,1
1108,6/10/2000 18:23,23.868,121.181,19,6.4,L,0,2,,,,Taiwan,2
1109,7/1/2000 7:01,34.222,139.171,12.5,6.1,"T,L",0,1,1,1,,Japan,1
1110,7/6/2000 19:30,11.928,-86.066,15,5.4,,7,7,7,7,,Nicaragua,7
1112,7/17/2000 22:53,36.245,70.943,135,6.3,,2,2,2,,,Afghanistan,2
1114,9/20/2000 8:37,-1.946,-80.522,40,5.5,,1,1,1,,,Ecuador,1
1115,10/2/2000 2:25,-7.965,30.806,34,6.4,,0,0,,1,,Tanzania,1
1116,11/8/2000 6:59,7.091,-77.811,17,6.5,,0,0,,2,,Colombia,2
1117,11/10/2000 20:10,36.437,4.838,7,5.7,,2,2,2,,,Algeria,2
1118,11/16/2000 4:54,-3.996,152.268,27.6,8,"T,L",1,2,2,1,,Papua New,2
1119,11/25/2000 18:09,40.198,49.929,51.6,6.8,,5,31,5,31,,Azerbaijan ,31
1120,11/25/2000 18:10,40.161,49.912,52.9,6.5,,,,,,,Azerbaijan,
1121,12/6/2000 17:11,39.532,54.801,30.6,7,,11,11,11,11,,Turkmenistan,11
1122,12/15/2000 16:44,38.451,31.265,12,6,,6,6,6,,,Turkey,6
1123,1/13/2001 17:33,13.076,-88.702,38,7.6,L,267,852,852,844,,El Salvador,852
1124,1/26/2001 3:16,23.402,70.287,23.3,7.6,,20023,20023,20023,20005,,India ,20023
1125,2/13/2001 14:22,13.6,-89.001,11,6.6,L,315,315,315,315,,El Salvador,315
1126,2/17/2001 20:25,13.787,-89.106,10,5.1,L,1,1,1,,,El Salvador,1
1127,2/23/2001 0:09,29.459,101.079,7,5.6,,3,3,3,3,,China,3
1128,2/28/2001 18:54,47.09,-122.581,54,6.8,"L,Lq",0,0,,1,,United States,1
1129,3/24/2001 6:27,34.108,132.54,42,6.8,,2,2,2,2,,Japan,2
1130,4/12/2001 10:47,24.806,99.051,10.1,5.6,L,2,2,2,2,,China,2
1131,5/23/2001 21:10,27.619,100.901,2.1,5.4,,2,2,2,2,,China,2
1134,6/23/2001 20:33,-16.385,-73.505,33.7,8.4,"T,L",48,138,139,145,,Peru ,145
1135,7/7/2001 9:38,-17.532,-71.931,14.1,7.6,L,1,1,1,,,Peru,1
1137,7/24/2001 5:00,-19.558,-69.234,13.4,6.3,,1,1,1,,,Chile,1
1138,8/9/2001 2:06,-14.348,-72.68,9.6,5.8,,4,4,4,4,,Peru,4
1139,10/27/2001 5:35,26.289,100.586,5.8,5.5,,1,1,1,1,,China,1
1140,12/4/2001 5:57,-15.353,-72.435,41.4,5.8,,2,2,2,,,Peru,2
1141,1/9/2002 6:45,38.644,69.844,28.6,5.2,,3,3,3,3,,Tajikistan,3
1142,1/10/2002 11:14,-3.264,142.447,11,6.7,,1,1,1,1,,Papua New,1
1143,1/21/2002 4:39,-1.77,28.996,11.6,5.1,,,,,45,,Democratic Republic,45
1145,1/22/2002 4:53,35.624,26.645,88,6.2,,0,1,,,,Greece,1
1146,2/3/2002 7:11,38.527,31.227,5,6.5,,44,44,44,42,,Turkey,44
1147,2/17/2002 13:03,28.089,51.792,16.4,5.3,,1,1,1,1,,Iran,1
1148,3/3/2002 12:08,36.508,70.503,204,7.3,L,16,166,166,150,,Afghanistan ,166
1149,3/5/2002 21:16,6.028,124.218,31,7.5,"T,L",15,15,15,15,,Philippines,15
1150,3/25/2002 14:56,36.051,69.21,10.5,6.1,L,1000,1000,1000,1000,,Afghanistan ,1000
1151,3/27/2002 8:52,36.053,69.248,9.1,5.6,L,,,,,,Afghanistan,
1152,3/31/2002 6:52,24.3,122.142,34,7.1,"T,L",5,5,5,4,,Taiwan,5
1153,4/1/2002 6:14,-6.231,147.545,81.4,5.3,L,0,36,36,,,Papua New,36
1154,4/12/2002 4:00,35.988,69.296,7.8,5.8,L,50,50,50,50,,Afghanistan,50
1156,4/24/2002 10:51,42.42,21.533,8,5.7,,1,1,1,1,,Serbia,1
1157,4/24/2002 19:48,34.602,47.401,25,5.4,,2,2,2,2,,Iran,2
1159,5/15/2002 3:46,24.668,121.868,16.7,6.1,L,1,1,1,,,Taiwan,1
1160,5/18/2002 15:15,-2.919,33.738,9.8,5.5,,2,2,2,2,,Tanzania,2
1161,6/22/2002 2:58,35.597,49.02,11,6.5,,261,261,227,227,,Iran,261
1162,9/6/2002 1:21,38.335,13.728,13,5.9,,0,2,,,,Italy,2
1163,9/8/2002 18:44,-3.262,142.94,13,7.6,"T,L",4,4,4,4,,Papua New,4
1164,9/13/2002 22:28,13.013,93.093,15,6.5,T,2,2,2,2,,India,2
1165,10/10/2002 10:50,-1.7,134.23,16,7.5,"T,L,Lq",8,8,8,8,,Indonesia,8
1166,10/24/2002 6:08,-1.962,29.013,11,6.2,,2,2,2,,,Democratic Republic,2
1167,10/31/2002 10:33,41.738,14.852,5.7,5.7,L,29,29,29,30,,Italy ,30
1168,11/1/2002 22:09,35.393,74.627,27.5,5.3,L,11,11,,17,,Pakistan,17
1169,11/2/2002 1:26,2.837,96.088,30,7.2,,3,3,3,3,,Indonesia,3
1170,11/3/2002 7:33,35.348,74.595,15.7,5.3,,,,,,,Pakistan,
1171,11/20/2002 21:32,35.337,74.556,14.8,6.3,L,19,19,19,19,,Pakistan,19
1172,12/14/2002 13:27,39.754,97.391,5,5.5,,2,2,2,2,,China,2
1173,1/21/2003 2:46,13.623,-90.85,24,6.4,,0,1,,,,Guatemala,1
1174,1/22/2003 2:06,18.9,-104.063,24,7.5,"T,L",29,29,,29,,Mexico ,29
1175,1/27/2003 5:26,39.503,39.851,16.1,6,,1,1,1,1,,Turkey,1
1176,2/24/2003 2:03,39.515,77.204,14,6.3,,261,261,,268,,China ,268
1177,2/25/2003 3:52,39.402,77.358,18.7,5.3,,5,5,5,,,China ,5
1178,3/25/2003 2:53,-8.339,120.606,34,6.4,,0,4,4,,,Indonesia,4
1179,3/29/2003 11:46,35.907,70.55,110,5.8,,1,1,1,,,Afghanistan,1
1180,5/1/2003 0:27,38.97,40.458,14,6.3,L,177,177,,177,,Turkey ,177
1181,5/4/2003 15:44,39.305,77.142,10,5.8,,0,1,,1,,China,1
1182,5/21/2003 18:44,36.88,3.694,12,6.8,"T,L,Lq",2266,2266,,2266,,Algeria ,2266
1183,5/22/2003 18:11,42.954,72.763,35,5.5,,,,,3,,Kazakhstan,3
1184,5/26/2003 19:23,2.349,128.879,31,6.9,,1,1,1,1,,Indonesia,1
1185,5/27/2003 17:11,36.865,3.592,8,5.7,T,9,9,,9,,Algeria,9
1187,7/10/2003 17:06,28.311,54.165,8,5.7,,1,1,1,1,,Iran,1
1188,7/21/2003 15:16,25.958,101.26,35,5.9,L,16,16,16,16,,China,16
1189,7/26/2003 23:18,22.868,92.317,35,5.6,L,2,2,2,2,,Bangladesh,2
1191,7/27/2003 12:07,22.836,92.316,35,5.4,,,,,,,Bangladesh,
1192,8/16/2003 10:58,43.779,119.718,23.3,5.4,,4,4,4,4,,China,4
1193,9/22/2003 4:45,19.766,-70.693,14,6.4,L,1,3,1,3,,Dominican Republic,3
1194,9/25/2003 19:50,41.864,143.878,27,8.3,"T,LF",0,0,,2,,Japan,2
1195,9/27/2003 11:33,50.031,87.817,12.3,7.3,L,0,3,,3,,Russian Federation,3
1196,10/16/2003 12:28,25.882,101.256,35,5.6,,3,3,3,3,,China,3
1197,10/25/2003 12:41,38.386,100.978,12,5.8,,9,9,9,9,,China,9
1198,10/25/2003 12:47,38.371,100.994,13.5,5.8,,,,,,,China,
1199,11/13/2003 2:35,34.713,103.865,35,5.1,,1,1,1,1,,China,1
1200,11/14/2003 18:49,27.462,103.974,35,5.6,,4,4,4,4,,China,4
1201,11/18/2003 17:14,12.113,125.416,35,6.5,L,1,1,1,,,Philippines,1
1202,12/1/2003 1:38,42.885,80.546,17,6,,11,11,11,11,,Kazakhstan,11
1203,12/22/2003 19:15,35.629,-121.075,16,6.6,"L,Lq",2,2,2,2,,United States,2
1204,12/25/2003 7:11,8.369,-82.842,34,6.5,,2,2,2,2,,Panama,2
1205,12/26/2003 1:56,28.95,58.268,6,6.6,L,31000,31000,,26796,26271,Iran ,31000
1206,1/1/2004 20:59,-8.349,115.758,45.4,5.8,,1,1,,1,,Indonesia,1
1207,2/5/2004 21:05,-3.661,135.597,23,7,F,37,37,,37,,Indonesia,37
1208,2/14/2004 10:30,34.751,73.178,11,5.4,L,10,24,,24,,Pakistan,24
1209,2/14/2004 11:56,34.772,73.169,11,5.3,,,,,,,Pakistan,
1212,2/24/2004 2:27,35.184,-3.985,8,6.3,L,631,631,,628,,Morocco ,631
1213,2/25/2004 12:44,35.225,-4.08,7.2,5.2,,,,,,,Morocco,
1216,3/7/2004 6:37,35.174,-4.161,34.6,5.1,,,,,,,Morocco,
1217,3/25/2004 19:30,39.804,40.721,56.3,5.6,,10,10,,9,,Turkey,10
1218,4/5/2004 21:24,36.48,71.042,175,6.5,,3,3,,,,Afghanistan,3
1219,5/1/2004 7:56,24.058,121.6,27.3,5.2,L,0,2,,,,Taiwan,2
1221,5/28/2004 12:38,36.257,51.565,26.7,6.3,L,,35,,35,,Iran,35
1222,7/1/2004 22:30,39.735,43.908,27.1,5.1,,18,18,,18,,Turkey,18
1223,7/12/2004 13:04,46.305,13.628,7.3,5.2,L,0,1,,1,,Slovenia,1
1224,7/18/2004 4:22,-38.013,176.432,2.4,5.4,L,1,1,,,,New Zealand,1
1225,7/18/2004 8:31,33.344,69.479,5.7,5.2,,2,2,,2,,Afghanistan,2
1227,8/10/2004 10:26,27.318,103.917,13.2,5.3,,4,4,,4,,China,4
1228,8/11/2004 15:48,38.347,39.232,4.5,5.6,,1,1,,,,Turkey,1
1229,9/7/2004 11:53,-28.568,-65.85,13,6.1,,1,1,,,,Argentina,1
1230,9/15/2004 8:35,-8.784,115.325,96.7,5.3,,1,1,,,,Indonesia,1
1231,10/23/2004 8:56,37.23,138.801,16,6.6,"L,F",40,40,,40,68,Japan ,40
1232,11/11/2004 21:26,-8.166,124.764,13,7.5,L,34,34,,33,,Indonesia,34
1233,11/20/2004 8:07,9.623,-84.165,16,6.4,L,8,8,,8,,Costa Rica,8
1234,11/21/2004 11:41,15.679,-61.724,14,6.3,,1,1,,1,,Guadeloupe,1
1235,11/26/2004 2:25,-3.615,135.45,24,7.1,F,32,32,,32,,Indonesia,32
1236,12/1/2004 23:17,-3.689,135.604,7.2,5.5,,1,1,,,,Indonesia,1
1237,12/26/2004 0:58,3.287,95.972,30,9.1,"T,L",,297200,,,283000,Indonesia ,297200
1238,1/23/2005 20:10,-1.196,119.91,38.1,6.2,,1,1,,1,,Indonesia,1
1239,1/25/2005 16:44,37.603,43.691,40.6,5.9,,2,2,,,,Turkey,2
1241,2/5/2005 12:23,5.321,123.338,522.1,7.1,,2,2,,,,Philippines,2
1242,2/22/2005 2:25,30.691,56.794,7,6.4,,612,612,,612,,Iran ,612
1244,3/20/2005 1:53,33.802,130.209,10.7,6.6,L,1,1,,1,,Japan ,1
1245,3/28/2005 16:09,2.069,97.097,22,8.6,T,1303,1313,,915,,Indonesia ,1313
1247,6/4/2005 14:50,-6.355,146.846,44,6.1,,1,1,,1,,Papua New,1
1248,6/13/2005 22:44,-20.007,-69.198,105.2,7.8,L,5,11,,11,,Chile,11
1251,9/26/2005 1:55,-5.721,-76.414,120.9,7.5,,5,5,,5,,Peru ,5
1252,10/8/2005 3:50,34.465,73.584,23.1,7.6,"L,Lq",87351,87351,,73338,,Pakistan ,87351
1253,10/15/2005 4:24,33.977,73.929,11.6,5.2,,2,2,,,,Pakistan,2
1254,10/20/2005 21:40,38.158,26.753,7.7,5.8,,0,1,,,,Turkey,1
1256,11/8/2005 7:54,9.973,108.226,14.7,5.3,,1,1,,,,Vietnam,1
1257,11/26/2005 0:49,29.714,115.663,10.5,5.2,,16,16,,,,China ,16
1258,11/27/2005 10:22,26.786,55.833,18.4,5.9,,13,13,,13,,Iran,13
1259,12/5/2005 12:19,-6.246,29.789,20,6.8,,6,6,,6,,Tanzania ,6
1260,12/12/2005 21:47,36.285,71.12,223.8,6.5,,5,5,,5,,Afghanistan ,5
1261,12/14/2005 7:09,30.46,79.201,35.5,5.1,L,1,1,,,,India,1
1262,2/14/2006 0:55,27.382,88.388,30,5.3,L,0,2,,,,India,2
1263,2/22/2006 22:19,-21.324,33.583,11,7,,4,4,,,,Mozambique,4
1265,3/14/2006 6:57,-3.595,127.214,30,6.7,"T,L",0,4,,4,,Indonesia,4
1266,3/20/2006 19:44,36.623,5.328,10,5.2,,4,4,,4,,Algeria,4
1267,3/25/2006 7:28,27.574,55.685,18,5.9,,1,1,,,,Iran,1
1268,3/31/2006 1:17,33.5,48.78,7,6.1,,70,70,,63,,Iran ,70
1270,5/26/2006 22:53,-7.961,110.446,12,6.4,,5749,5749,,,,Indonesia ,5749
1271,6/3/2006 7:15,26.759,55.843,12,5.1,,2,2,,,,Iran,2
1272,7/17/2006 8:19,-9.254,107.411,34,7.7,T,0,730,,,,Indonesia ,730
1273,7/22/2006 1:10,27.995,104.138,55,4.9,L,0,22,,22,,China ,22
1274,7/29/2006 0:11,37.255,68.828,34,5.6,,3,3,,3,,Tajikistan ,3
1276,9/29/2006 18:23,10.814,-61.758,52,5.5,,1,1,,,,Venezuela,1
1277,12/1/2006 14:01,-8.251,118.777,43,6.3,,0,1,,,,Indonesia,1
1278,12/17/2006 21:39,0.626,99.859,30,5.8,L,7,7,,,,Indonesia,7
1279,12/26/2006 12:26,21.799,120.547,10,7,,2,2,,,,Taiwan ,2
1280,1/21/2007 11:27,1.065,126.282,22,7.5,,3,4,,,,Indonesia,4
1281,3/6/2007 3:49,-0.48,100.47,19.3,6.4,,67,67,,67,,Indonesia ,67
1282,3/25/2007 0:41,37.34,136.54,8,6.7,T,1,1,,1,,Japan ,1
1283,4/1/2007 20:39,-8.43,157.06,10,8.1,"T,L",0,54,,,,Solomon Islands,54
1284,4/21/2007 17:53,-45.24,-72.67,36.7,6.2,"T,L",0,10,,10,,Chile ,10
1285,6/2/2007 21:34,23.02,101.01,5,6.1,L,3,3,,3,,China,3
1286,7/16/2007 1:13,37.52,138.46,12,6.6,"T,L",9,9,,9,,Japan ,9
1287,7/21/2007 22:44,38.936,70.485,10,5.2,L,3,12,,11,,Tajikistan,12
1288,8/2/2007 2:37,47.11,141.81,5,6.2,T,2,2,,2,,Russian Federation,2
1289,8/15/2007 23:40,-13.38,-76.61,39,8,L,514,514,,519,,Peru ,519
1290,9/12/2007 11:10,-4.44,101.37,34,8.5,T,25,25,,,,Indonesia,25
1291,9/12/2007 23:49,-2.66,100.83,37.3,7.9,,,,,,,Indonesia,
1292,9/13/2007 3:35,-2.15,99.61,27,7.1,,,,,,,Indonesia,
1293,10/26/2007 6:50,35.304,76.753,10,5.2,L,1,1,,,,Pakistan,1
1294,11/6/2007 9:38,21.181,70.724,10,5.1,,1,1,,,,India,1
1295,11/7/2007 4:12,9.721,124.647,71,5.3,,1,1,,,,Philippines,1
1296,11/14/2007 15:40,-22.247,-69.89,40,7.7,T,2,2,,,,Chile,2
1297,11/25/2007 16:02,-8.292,118.37,20,6.5,,3,3,,,,Indonesia,3
1298,11/29/2007 19:00,14.944,-61.274,156,7.4,,1,1,,,,Martinique,1
1300,12/20/2007 7:55,-39.011,178.291,20,6.6,,0,1,,,,New Zealand,1
1302,1/22/2008 17:14,1.011,97.442,20,6.2,,1,1,,,,Indonesia,1
1303,2/3/2008 7:34,-2.296,28.9,10,5.9,,44,44,,43,,Democratic Republic,44
1305,2/14/2008 2:07,-2.404,28.918,10,5.3,,1,1,,,,Rwanda,1
1306,2/20/2008 8:08,2.768,95.964,26,7.3,,3,3,,3,,Indonesia,3
1307,5/12/2008 6:28,31.002,103.322,19,7.9,L,69195,88287,,87476,,China ,88287
1308,5/24/2008 19:20,4.33,-73.764,8,5.9,L,0,6,,,,Colombia,6
1309,5/25/2008 8:21,32.56,105.423,18,6.1,L,8,8,,,,China,8
1310,6/6/2008 20:02,35.883,-0.658,4,5.5,,0,1,,,,Algeria,1
1311,6/8/2008 12:25,37.963,21.525,16,6.4,,2,2,,2,,Greece ,2
1312,6/13/2008 23:43,39.03,140.881,7,6.9,L,13,13,,13,,Japan ,13
1314,7/15/2008 3:26,35.983,27.785,68,6.4,,,,,,,Greece ,
1315,8/21/2008 12:24,25.1,97.9,,5.9,,,,,,,China ,
1316,8/30/2008 8:30,26,101.9,10,5.7,,,,,,41,China ,
1317,10/5/2008 15:52,39.515,73.768,27.6,6.9,,,,,,60,Kyrgyzstan ,
1318,10/6/2008 16:30,,,,6.4,,,,,,,China ,
1319,10/28/2008 23:09,,,,6.4,,,,,,215,Pakistan ,
1320,1/8/2009 19:21,10.3962,-84.0281,48,6.1,L,,,,,34,Costa Rica,
1321,4/6/2009 3:32,42.334,13.334,8.8,6.2,,,,,,295,Italy ,
1322,7/9/2009 11:19,,,,5.7,,,,,,,China ,
1323,8/10/2009 20:07,,,,6.4,,,,,,1,Japan ,
1324,9/2/2009 7:55,,,,7,,,,,,79,Indonesia ,
1325,9/29/2009 17:48,,,8.1,8.1,,,,,,189,Samoa ,
1326,9/30/2009 10:16,,,,7.6,,,,,,1115,Indonesia ,
1327,1/12/2010 17:00,18.457,-72.533,13,7,,,,,,222517,Haiti ,
1328,2/27/2010 6:34,-35.846,-72.719,35,8.8,T,,,,,521,Chile ,
1329,3/8/2010 2:32,,,,6.1,,,,,,42,Turkey ,
1330,3/11/2010 14:39,,,,6.9,L,,,,,1,Chile ,
1331,4/14/2010 23:49,,,,6.9,L,,,,,2698,China ,
1332,2/21/2011 23:51,,,,6.3,Lq,,,,,185,New Zealand,
1333,3/10/2011 4:58,,,,5.4,,,,,,,China ,
1334,3/11/2011 14:46,38.322,142.369,24.4,9,T,,,,,15894,Japan ,
1335,3/24/2011 20:25,,,,6.8,,,,,,150,Burma ,
1336,4/7/2011 14:32,38.2,140,66,7.1,,,,,,,Japan ,
1337,9/18/2011 12:40,27.723,88.064,19.7,6.9,L,,,,,111,India ,
1338,9/23/2011 10:41,38.6,43.5,7.2,7.1,,,,,,601,Turkey ,
1339,8/5/2018 19:46,,,31,6.9,,,,,,,Indonesia ,
