FID,Index,TZID
0,12.000000000000000,Asia/Kashgar
1,348.000000000000000,Asia/Kashgar
2,477.000000000000000,Asia/Kashgar
3,514.000000000000000,Asia/Kashgar
4,548.000000000000000,Asia/Kashgar
5,707.000000000000000,Asia/Kashgar
6,714.000000000000000,Asia/Kashgar
7,765.000000000000000,Asia/Kashgar
8,766.000000000000000,Asia/Kashgar
9,957.000000000000000,Asia/Kashgar
10,1010.000000000000000,Asia/Kashgar
11,1019.000000000000000,Asia/Kashgar
12,1024.000000000000000,Asia/Kashgar
13,1026.000000000000000,Asia/Kashgar
14,1027.000000000000000,Asia/Kashgar
15,1057.000000000000000,Asia/Kashgar
16,1176.000000000000000,Asia/Kashgar
17,1177.000000000000000,Asia/Kashgar
18,1181.000000000000000,Asia/Kashgar
19,941.000000000000000,Pacific/Wallis
20,418.000000000000000,Africa/Dar_es_Salaam
21,1115.000000000000000,Africa/Dar_es_Salaam
22,1160.000000000000000,Africa/Dar_es_Salaam
23,1259.000000000000000,Africa/Dar_es_Salaam
24,333.000000000000000,America/Port-au-Prince
25,964.000000000000000,America/Port-au-Prince
26,1327.000000000000000,America/Port-au-Prince
27,1038.000000000000000,America/Montreal
28,543.000000000000000,America/Panama
29,899.000000000000000,America/Panama
30,1204.000000000000000,America/Panama
31,726.000000000000000,America/Boise
32,1256.000000000000000,Asia/Ho_Chi_Minh
33,908.000000000000000,Asia/Baghdad
34,312.000000000000000,America/Santiago
35,313.000000000000000,America/Santiago
36,33.000000000000000,America/Santiago
37,109.000000000000000,America/Santiago
38,150.000000000000000,America/Santiago
39,158.000000000000000,America/Santiago
40,225.000000000000000,America/Santiago
41,258.000000000000000,America/Santiago
42,273.000000000000000,America/Santiago
43,281.000000000000000,America/Santiago
44,307.000000000000000,America/Santiago
45,319.000000000000000,America/Santiago
46,336.000000000000000,America/Santiago
47,349.000000000000000,America/Santiago
48,380.000000000000000,America/Santiago
49,385.000000000000000,America/Santiago
50,395.000000000000000,America/Santiago
51,396.000000000000000,America/Santiago
52,424.000000000000000,America/Santiago
53,426.000000000000000,America/Santiago
54,447.000000000000000,America/Santiago
55,461.000000000000000,America/Santiago
56,511.000000000000000,America/Santiago
57,512.000000000000000,America/Santiago
58,552.000000000000000,America/Santiago
59,598.000000000000000,America/Santiago
60,686.000000000000000,America/Santiago
61,690.000000000000000,America/Santiago
62,724.000000000000000,America/Santiago
63,754.000000000000000,America/Santiago
64,756.000000000000000,America/Santiago
65,760.000000000000000,America/Santiago
66,796.000000000000000,America/Santiago
67,808.000000000000000,America/Santiago
68,996.000000000000000,America/Santiago
69,1037.000000000000000,America/Santiago
70,1041.000000000000000,America/Santiago
71,1055.000000000000000,America/Santiago
72,1137.000000000000000,America/Santiago
73,1248.000000000000000,America/Santiago
74,1284.000000000000000,America/Santiago
75,1296.000000000000000,America/Santiago
76,1328.000000000000000,America/Santiago
77,32.000000000000000,America/Los_Angeles
78,81.000000000000000,America/Los_Angeles
79,93.000000000000000,America/Los_Angeles
80,129.000000000000000,America/Los_Angeles
81,233.000000000000000,America/Los_Angeles
82,306.000000000000000,America/Los_Angeles
83,328.000000000000000,America/Los_Angeles
84,330.000000000000000,America/Los_Angeles
85,429.000000000000000,America/Los_Angeles
86,488.000000000000000,America/Los_Angeles
87,505.000000000000000,America/Los_Angeles
88,653.000000000000000,America/Los_Angeles
89,783.000000000000000,America/Los_Angeles
90,811.000000000000000,America/Los_Angeles
91,813.000000000000000,America/Los_Angeles
92,814.000000000000000,America/Los_Angeles
93,847.000000000000000,America/Los_Angeles
94,850.000000000000000,America/Los_Angeles
95,904.000000000000000,America/Los_Angeles
96,922.000000000000000,America/Los_Angeles
97,951.000000000000000,America/Los_Angeles
98,958.000000000000000,America/Los_Angeles
99,1128.000000000000000,America/Los_Angeles
100,1203.000000000000000,America/Los_Angeles
101,967.000000000000000,Asia/Jakarta
102,381.000000000000000,Asia/Jakarta
103,449.000000000000000,Asia/Jakarta
104,87.000000000000000,Asia/Jakarta
105,1292.000000000000000,Asia/Jakarta
106,174.000000000000000,Asia/Jakarta
107,260.000000000000000,Asia/Jakarta
108,316.000000000000000,Asia/Jakarta
109,550.000000000000000,Asia/Jakarta
110,644.000000000000000,Asia/Jakarta
111,1059.000000000000000,Asia/Jakarta
112,1094.000000000000000,Asia/Jakarta
113,1270.000000000000000,Asia/Jakarta
114,1272.000000000000000,Asia/Jakarta
115,1104.000000000000000,Asia/Jakarta
116,1107.000000000000000,Asia/Jakarta
117,1245.000000000000000,Asia/Jakarta
118,217.000000000000000,Asia/Jakarta
119,713.000000000000000,Asia/Jakarta
120,417.000000000000000,Asia/Jakarta
121,35.000000000000000,Asia/Jakarta
122,1169.000000000000000,Asia/Jakarta
123,1237.000000000000000,Asia/Jakarta
124,1306.000000000000000,Asia/Jakarta
125,48.000000000000000,Asia/Jakarta
126,76.000000000000000,Asia/Jakarta
127,134.000000000000000,Asia/Jakarta
128,197.000000000000000,Asia/Jakarta
129,451.000000000000000,Asia/Jakarta
130,650.000000000000000,Asia/Jakarta
131,801.000000000000000,Asia/Jakarta
132,884.000000000000000,Asia/Jakarta
133,961.000000000000000,Asia/Jakarta
134,1000.000000000000000,Asia/Jakarta
135,1105.000000000000000,Asia/Jakarta
136,1278.000000000000000,Asia/Jakarta
137,1281.000000000000000,Asia/Jakarta
138,1290.000000000000000,Asia/Jakarta
139,1291.000000000000000,Asia/Jakarta
140,1302.000000000000000,Asia/Jakarta
141,11.000000000000000,Asia/Harbin
142,241.000000000000000,Asia/Harbin
143,280.000000000000000,America/Vancouver
144,100.000000000000000,Asia/Tbilisi
145,232.000000000000000,Asia/Tbilisi
146,411.000000000000000,Asia/Tbilisi
147,778.000000000000000,Asia/Tbilisi
148,897.000000000000000,Asia/Tbilisi
149,898.000000000000000,Asia/Tbilisi
150,901.000000000000000,Asia/Tbilisi
151,932.000000000000000,Asia/Tbilisi
152,177.000000000000000,Asia/Yerevan
153,832.000000000000000,Asia/Yerevan
154,1119.000000000000000,Asia/Baku
155,1120.000000000000000,Asia/Baku
156,8.000000000000000,Asia/Baku
157,1052.000000000000000,Asia/Baku
158,1072.000000000000000,Asia/Baku
159,1258.000000000000000,Asia/Tehran
160,1271.000000000000000,Asia/Tehran
161,19.000000000000000,Asia/Tehran
162,59.000000000000000,Asia/Tehran
163,115.000000000000000,Asia/Tehran
164,118.000000000000000,Asia/Tehran
165,119.000000000000000,Asia/Tehran
166,130.000000000000000,Asia/Tehran
167,131.000000000000000,Asia/Tehran
168,149.000000000000000,Asia/Tehran
169,157.000000000000000,Asia/Tehran
170,161.000000000000000,Asia/Tehran
171,199.000000000000000,Asia/Tehran
172,204.000000000000000,Asia/Tehran
173,205.000000000000000,Asia/Tehran
174,239.000000000000000,Asia/Tehran
175,289.000000000000000,Asia/Tehran
176,302.000000000000000,Asia/Tehran
177,334.000000000000000,Asia/Tehran
178,363.000000000000000,Asia/Tehran
179,369.000000000000000,Asia/Tehran
180,372.000000000000000,Asia/Tehran
181,379.000000000000000,Asia/Tehran
182,394.000000000000000,Asia/Tehran
183,401.000000000000000,Asia/Tehran
184,409.000000000000000,Asia/Tehran
185,472.000000000000000,Asia/Tehran
186,473.000000000000000,Asia/Tehran
187,500.000000000000000,Asia/Tehran
188,507.000000000000000,Asia/Tehran
189,522.000000000000000,Asia/Tehran
190,534.000000000000000,Asia/Tehran
191,551.000000000000000,Asia/Tehran
192,596.000000000000000,Asia/Tehran
193,604.000000000000000,Asia/Tehran
194,606.000000000000000,Asia/Tehran
195,608.000000000000000,Asia/Tehran
196,614.000000000000000,Asia/Tehran
197,615.000000000000000,Asia/Tehran
198,628.000000000000000,Asia/Tehran
199,630.000000000000000,Asia/Tehran
200,632.000000000000000,Asia/Tehran
201,646.000000000000000,Asia/Tehran
202,648.000000000000000,Asia/Tehran
203,657.000000000000000,Asia/Tehran
204,672.000000000000000,Asia/Tehran
205,673.000000000000000,Asia/Tehran
206,684.000000000000000,Asia/Tehran
207,688.000000000000000,Asia/Tehran
208,710.000000000000000,Asia/Tehran
209,720.000000000000000,Asia/Tehran
210,753.000000000000000,Asia/Tehran
211,782.000000000000000,Asia/Tehran
212,805.000000000000000,Asia/Tehran
213,824.000000000000000,Asia/Tehran
214,825.000000000000000,Asia/Tehran
215,841.000000000000000,Asia/Tehran
216,856.000000000000000,Asia/Tehran
217,874.000000000000000,Asia/Tehran
218,875.000000000000000,Asia/Tehran
219,883.000000000000000,Asia/Tehran
220,913.000000000000000,Asia/Tehran
221,915.000000000000000,Asia/Tehran
222,926.000000000000000,Asia/Tehran
223,945.000000000000000,Asia/Tehran
224,962.000000000000000,Asia/Tehran
225,963.000000000000000,Asia/Tehran
226,971.000000000000000,Asia/Tehran
227,1021.000000000000000,Asia/Tehran
228,1023.000000000000000,Asia/Tehran
229,1028.000000000000000,Asia/Tehran
230,1044.000000000000000,Asia/Tehran
231,1046.000000000000000,Asia/Tehran
232,1060.000000000000000,Asia/Tehran
233,1067.000000000000000,Asia/Tehran
234,1071.000000000000000,Asia/Tehran
235,1099.000000000000000,Asia/Tehran
236,1147.000000000000000,Asia/Tehran
237,1157.000000000000000,Asia/Tehran
238,1161.000000000000000,Asia/Tehran
239,1187.000000000000000,Asia/Tehran
240,1205.000000000000000,Asia/Tehran
241,1221.000000000000000,Asia/Tehran
242,1242.000000000000000,Asia/Tehran
243,1267.000000000000000,Asia/Tehran
244,1268.000000000000000,Asia/Tehran
245,46.000000000000000,Europe/Lisbon
246,479.000000000000000,Europe/Lisbon
247,228.000000000000000,Africa/Accra
248,13.000000000000000,Australia/Adelaide
249,991.000000000000000,Asia/Sakhalin
250,1288.000000000000000,Asia/Sakhalin
251,36.000000000000000,America/Jamaica
252,936.000000000000000,America/Jamaica
253,25.000000000000000,Europe/Tirane
254,165.000000000000000,Europe/Tirane
255,254.000000000000000,Europe/Tirane
256,389.000000000000000,Europe/Tirane
257,459.000000000000000,Europe/Tirane
258,703.000000000000000,Europe/Tirane
259,159.000000000000000,America/Miquelon
260,153.000000000000000,Asia/Ashgabat
261,284.000000000000000,Asia/Ashgabat
262,1121.000000000000000,Asia/Ashgabat
263,1229.000000000000000,America/Argentina/Catamarca
264,64.000000000000000,Asia/Rangoon
265,160.000000000000000,Asia/Rangoon
266,168.000000000000000,Asia/Rangoon
267,249.000000000000000,Asia/Rangoon
268,360.000000000000000,Asia/Rangoon
269,554.000000000000000,Asia/Rangoon
270,822.000000000000000,Asia/Rangoon
271,889.000000000000000,Asia/Rangoon
272,919.000000000000000,Asia/Rangoon
273,994.000000000000000,Asia/Rangoon
274,482.000000000000000,Africa/Cairo
275,352.000000000000000,Africa/Cairo
276,928.000000000000000,Africa/Cairo
277,371.000000000000000,Asia/Ulaanbaatar
278,286.000000000000000,Asia/Taipei
279,323.000000000000000,Asia/Taipei
280,520.000000000000000,Asia/Taipei
281,975.000000000000000,Asia/Taipei
282,20.000000000000000,Asia/Taipei
283,23.000000000000000,Asia/Taipei
284,30.000000000000000,Asia/Taipei
285,31.000000000000000,Asia/Taipei
286,40.000000000000000,Asia/Taipei
287,45.000000000000000,Asia/Taipei
288,84.000000000000000,Asia/Taipei
289,85.000000000000000,Asia/Taipei
290,86.000000000000000,Asia/Taipei
291,98.000000000000000,Asia/Taipei
292,107.000000000000000,Asia/Taipei
293,108.000000000000000,Asia/Taipei
294,142.000000000000000,Asia/Taipei
295,169.000000000000000,Asia/Taipei
296,206.000000000000000,Asia/Taipei
297,248.000000000000000,Asia/Taipei
298,263.000000000000000,Asia/Taipei
299,322.000000000000000,Asia/Taipei
300,365.000000000000000,Asia/Taipei
301,386.000000000000000,Asia/Taipei
302,410.000000000000000,Asia/Taipei
303,415.000000000000000,Asia/Taipei
304,458.000000000000000,Asia/Taipei
305,503.000000000000000,Asia/Taipei
306,523.000000000000000,Asia/Taipei
307,631.000000000000000,Asia/Taipei
308,694.000000000000000,Asia/Taipei
309,779.000000000000000,Asia/Taipei
310,789.000000000000000,Asia/Taipei
311,821.000000000000000,Asia/Taipei
312,886.000000000000000,Asia/Taipei
313,968.000000000000000,Asia/Taipei
314,984.000000000000000,Asia/Taipei
315,993.000000000000000,Asia/Taipei
316,1053.000000000000000,Asia/Taipei
317,1081.000000000000000,Asia/Taipei
318,1082.000000000000000,Asia/Taipei
319,1085.000000000000000,Asia/Taipei
320,1103.000000000000000,Asia/Taipei
321,1108.000000000000000,Asia/Taipei
322,1152.000000000000000,Asia/Taipei
323,1159.000000000000000,Asia/Taipei
324,1219.000000000000000,Asia/Taipei
325,1279.000000000000000,Asia/Taipei
326,170.000000000000000,America/Argentina/Salta
327,278.000000000000000,America/Nome
328,339.000000000000000,Pacific/Fiji
329,301.000000000000000,America/Argentina/Jujuy
330,1102.000000000000000,America/Argentina/Jujuy
331,576.000000000000000,Asia/Samarkand
332,486.000000000000000,Africa/Johannesburg
333,599.000000000000000,Africa/Johannesburg
334,817.000000000000000,Africa/Johannesburg
335,1070.000000000000000,Africa/Johannesburg
336,338.000000000000000,Asia/Nicosia
337,985.000000000000000,Asia/Nicosia
338,1016.000000000000000,Asia/Nicosia
339,1047.000000000000000,Europe/Ljubljana
340,1223.000000000000000,Europe/Ljubljana
341,1054.000000000000000,Pacific/Port_Moresby
342,836.000000000000000,Pacific/Port_Moresby
343,502.000000000000000,Pacific/Port_Moresby
344,794.000000000000000,Pacific/Port_Moresby
345,828.000000000000000,Pacific/Port_Moresby
346,954.000000000000000,Pacific/Port_Moresby
347,955.000000000000000,Pacific/Port_Moresby
348,1142.000000000000000,Pacific/Port_Moresby
349,1153.000000000000000,Pacific/Port_Moresby
350,1163.000000000000000,Pacific/Port_Moresby
351,1247.000000000000000,Pacific/Port_Moresby
352,97.000000000000000,Pacific/Port_Moresby
353,731.000000000000000,Pacific/Port_Moresby
354,763.000000000000000,Pacific/Port_Moresby
355,1118.000000000000000,Pacific/Port_Moresby
356,960.000000000000000,Africa/Kampala
357,103.000000000000000,America/Argentina/Mendoza
358,139.000000000000000,America/Argentina/Mendoza
359,155.000000000000000,America/Argentina/Mendoza
360,752.000000000000000,America/Argentina/Mendoza
361,732.000000000000000,Africa/Conakry
362,1075.000000000000000,Asia/Dhaka
363,117.000000000000000,Asia/Dhaka
364,818.000000000000000,Asia/Dhaka
365,842.000000000000000,Asia/Dhaka
366,1189.000000000000000,Asia/Dhaka
367,1191.000000000000000,Asia/Dhaka
368,758.000000000000000,America/La_Paz
369,970.000000000000000,America/La_Paz
370,1048.000000000000000,America/La_Paz
371,37.000000000000000,America/Mexico_City
372,60.000000000000000,America/Mexico_City
373,66.000000000000000,America/Mexico_City
374,99.000000000000000,America/Mexico_City
375,143.000000000000000,America/Mexico_City
376,172.000000000000000,America/Mexico_City
377,189.000000000000000,America/Mexico_City
378,190.000000000000000,America/Mexico_City
379,191.000000000000000,America/Mexico_City
380,218.000000000000000,America/Mexico_City
381,221.000000000000000,America/Mexico_City
382,240.000000000000000,America/Mexico_City
383,257.000000000000000,America/Mexico_City
384,320.000000000000000,America/Mexico_City
385,370.000000000000000,America/Mexico_City
386,384.000000000000000,America/Mexico_City
387,388.000000000000000,America/Mexico_City
388,405.000000000000000,America/Mexico_City
389,406.000000000000000,America/Mexico_City
390,421.000000000000000,America/Mexico_City
391,431.000000000000000,America/Mexico_City
392,468.000000000000000,America/Mexico_City
393,470.000000000000000,America/Mexico_City
394,476.000000000000000,America/Mexico_City
395,527.000000000000000,America/Mexico_City
396,533.000000000000000,America/Mexico_City
397,620.000000000000000,America/Mexico_City
398,629.000000000000000,America/Mexico_City
399,634.000000000000000,America/Mexico_City
400,667.000000000000000,America/Mexico_City
401,692.000000000000000,America/Mexico_City
402,698.000000000000000,America/Mexico_City
403,768.000000000000000,America/Mexico_City
404,769.000000000000000,America/Mexico_City
405,839.000000000000000,America/Mexico_City
406,950.000000000000000,America/Mexico_City
407,972.000000000000000,America/Mexico_City
408,997.000000000000000,America/Mexico_City
409,1001.000000000000000,America/Mexico_City
410,1018.000000000000000,America/Mexico_City
411,1073.000000000000000,America/Mexico_City
412,1084.000000000000000,America/Mexico_City
413,1174.000000000000000,America/Mexico_City
414,1145.000000000000000,Europe/Athens
415,678.000000000000000,Europe/Athens
416,54.000000000000000,Europe/Athens
417,196.000000000000000,Europe/Athens
418,18.000000000000000,Europe/Athens
419,203.000000000000000,Europe/Athens
420,1314.000000000000000,Europe/Athens
421,425.000000000000000,Europe/Athens
422,463.000000000000000,Europe/Athens
423,21.000000000000000,Europe/Athens
424,62.000000000000000,Europe/Athens
425,300.000000000000000,Europe/Athens
426,337.000000000000000,Europe/Athens
427,359.000000000000000,Europe/Athens
428,133.000000000000000,Europe/Athens
429,28.000000000000000,Europe/Athens
430,192.000000000000000,Europe/Athens
431,291.000000000000000,Europe/Athens
432,342.000000000000000,Europe/Athens
433,350.000000000000000,Europe/Athens
434,366.000000000000000,Europe/Athens
435,408.000000000000000,Europe/Athens
436,427.000000000000000,Europe/Athens
437,430.000000000000000,Europe/Athens
438,433.000000000000000,Europe/Athens
439,446.000000000000000,Europe/Athens
440,452.000000000000000,Europe/Athens
441,562.000000000000000,Europe/Athens
442,624.000000000000000,Europe/Athens
443,625.000000000000000,Europe/Athens
444,645.000000000000000,Europe/Athens
445,656.000000000000000,Europe/Athens
446,679.000000000000000,Europe/Athens
447,680.000000000000000,Europe/Athens
448,681.000000000000000,Europe/Athens
449,682.000000000000000,Europe/Athens
450,787.000000000000000,Europe/Athens
451,887.000000000000000,Europe/Athens
452,943.000000000000000,Europe/Athens
453,988.000000000000000,Europe/Athens
454,992.000000000000000,Europe/Athens
455,1079.000000000000000,Europe/Athens
456,1311.000000000000000,Europe/Athens
457,355.000000000000000,Europe/Budapest
458,1003.000000000000000,Asia/Riyadh
459,835.000000000000000,Africa/Blantyre
460,837.000000000000000,Africa/Blantyre
461,858.000000000000000,Australia/Sydney
462,513.000000000000000,Pacific/Bougainville
463,1012.000000000000000,Pacific/Bougainville
464,39.000000000000000,Asia/Dushanbe
465,308.000000000000000,Asia/Dushanbe
466,730.000000000000000,Asia/Dushanbe
467,770.000000000000000,Asia/Dushanbe
468,833.000000000000000,Asia/Dushanbe
469,894.000000000000000,Asia/Dushanbe
470,1141.000000000000000,Asia/Dushanbe
471,1274.000000000000000,Asia/Dushanbe
472,1287.000000000000000,Asia/Dushanbe
473,1156.000000000000000,Europe/Belgrade
474,636.000000000000000,Europe/Podgorica
475,51.000000000000000,Asia/Karachi
476,180.000000000000000,Asia/Karachi
477,209.000000000000000,Asia/Karachi
478,275.000000000000000,Asia/Karachi
479,441.000000000000000,Asia/Karachi
480,525.000000000000000,Asia/Karachi
481,547.000000000000000,Asia/Karachi
482,689.000000000000000,Asia/Karachi
483,861.000000000000000,Asia/Karachi
484,873.000000000000000,Asia/Karachi
485,921.000000000000000,Asia/Karachi
486,924.000000000000000,Asia/Karachi
487,1022.000000000000000,Asia/Karachi
488,1168.000000000000000,Asia/Karachi
489,1170.000000000000000,Asia/Karachi
490,1171.000000000000000,Asia/Karachi
491,1208.000000000000000,Asia/Karachi
492,1209.000000000000000,Asia/Karachi
493,1252.000000000000000,Asia/Karachi
494,1253.000000000000000,Asia/Karachi
495,1293.000000000000000,Asia/Karachi
496,132.000000000000000,Europe/Istanbul
497,65.000000000000000,Europe/Istanbul
498,202.000000000000000,Europe/Istanbul
499,1.000000000000000,Europe/Istanbul
500,9.000000000000000,Europe/Istanbul
501,16.000000000000000,Europe/Istanbul
502,17.000000000000000,Europe/Istanbul
503,42.000000000000000,Europe/Istanbul
504,44.000000000000000,Europe/Istanbul
505,78.000000000000000,Europe/Istanbul
506,126.000000000000000,Europe/Istanbul
507,135.000000000000000,Europe/Istanbul
508,144.000000000000000,Europe/Istanbul
509,154.000000000000000,Europe/Istanbul
510,208.000000000000000,Europe/Istanbul
511,222.000000000000000,Europe/Istanbul
512,230.000000000000000,Europe/Istanbul
513,244.000000000000000,Europe/Istanbul
514,246.000000000000000,Europe/Istanbul
515,255.000000000000000,Europe/Istanbul
516,256.000000000000000,Europe/Istanbul
517,259.000000000000000,Europe/Istanbul
518,262.000000000000000,Europe/Istanbul
519,265.000000000000000,Europe/Istanbul
520,272.000000000000000,Europe/Istanbul
521,277.000000000000000,Europe/Istanbul
522,279.000000000000000,Europe/Istanbul
523,309.000000000000000,Europe/Istanbul
524,311.000000000000000,Europe/Istanbul
525,321.000000000000000,Europe/Istanbul
526,324.000000000000000,Europe/Istanbul
527,335.000000000000000,Europe/Istanbul
528,351.000000000000000,Europe/Istanbul
529,356.000000000000000,Europe/Istanbul
530,367.000000000000000,Europe/Istanbul
531,368.000000000000000,Europe/Istanbul
532,419.000000000000000,Europe/Istanbul
533,422.000000000000000,Europe/Istanbul
534,443.000000000000000,Europe/Istanbul
535,453.000000000000000,Europe/Istanbul
536,454.000000000000000,Europe/Istanbul
537,474.000000000000000,Europe/Istanbul
538,480.000000000000000,Europe/Istanbul
539,494.000000000000000,Europe/Istanbul
540,509.000000000000000,Europe/Istanbul
541,510.000000000000000,Europe/Istanbul
542,538.000000000000000,Europe/Istanbul
543,557.000000000000000,Europe/Istanbul
544,573.000000000000000,Europe/Istanbul
545,597.000000000000000,Europe/Istanbul
546,605.000000000000000,Europe/Istanbul
547,718.000000000000000,Europe/Istanbul
548,727.000000000000000,Europe/Istanbul
549,749.000000000000000,Europe/Istanbul
550,750.000000000000000,Europe/Istanbul
551,777.000000000000000,Europe/Istanbul
552,780.000000000000000,Europe/Istanbul
553,917.000000000000000,Europe/Istanbul
554,998.000000000000000,Europe/Istanbul
555,1014.000000000000000,Europe/Istanbul
556,1020.000000000000000,Europe/Istanbul
557,1050.000000000000000,Europe/Istanbul
558,1077.000000000000000,Europe/Istanbul
559,1078.000000000000000,Europe/Istanbul
560,1080.000000000000000,Europe/Istanbul
561,1083.000000000000000,Europe/Istanbul
562,1087.000000000000000,Europe/Istanbul
563,1088.000000000000000,Europe/Istanbul
564,1091.000000000000000,Europe/Istanbul
565,1106.000000000000000,Europe/Istanbul
566,1122.000000000000000,Europe/Istanbul
567,1146.000000000000000,Europe/Istanbul
568,1175.000000000000000,Europe/Istanbul
569,1180.000000000000000,Europe/Istanbul
570,1217.000000000000000,Europe/Istanbul
571,1222.000000000000000,Europe/Istanbul
572,1228.000000000000000,Europe/Istanbul
573,1239.000000000000000,Europe/Istanbul
574,1254.000000000000000,Europe/Istanbul
575,1338.000000000000000,Europe/Istanbul
576,268.000000000000000,Europe/Istanbul
577,398.000000000000000,America/Lima
578,546.000000000000000,America/Lima
579,695.000000000000000,America/Lima
580,69.000000000000000,America/Lima
581,70.000000000000000,America/Lima
582,145.000000000000000,America/Lima
583,148.000000000000000,America/Lima
584,234.000000000000000,America/Lima
585,253.000000000000000,America/Lima
586,285.000000000000000,America/Lima
587,292.000000000000000,America/Lima
588,294.000000000000000,America/Lima
589,296.000000000000000,America/Lima
590,315.000000000000000,America/Lima
591,340.000000000000000,America/Lima
592,373.000000000000000,America/Lima
593,390.000000000000000,America/Lima
594,391.000000000000000,America/Lima
595,412.000000000000000,America/Lima
596,445.000000000000000,America/Lima
597,467.000000000000000,America/Lima
598,487.000000000000000,America/Lima
599,498.000000000000000,America/Lima
600,504.000000000000000,America/Lima
601,518.000000000000000,America/Lima
602,521.000000000000000,America/Lima
603,537.000000000000000,America/Lima
604,545.000000000000000,America/Lima
605,575.000000000000000,America/Lima
606,633.000000000000000,America/Lima
607,683.000000000000000,America/Lima
608,687.000000000000000,America/Lima
609,696.000000000000000,America/Lima
610,715.000000000000000,America/Lima
611,773.000000000000000,America/Lima
612,775.000000000000000,America/Lima
613,809.000000000000000,America/Lima
614,812.000000000000000,America/Lima
615,868.000000000000000,America/Lima
616,870.000000000000000,America/Lima
617,893.000000000000000,America/Lima
618,907.000000000000000,America/Lima
619,944.000000000000000,America/Lima
620,1009.000000000000000,America/Lima
621,1017.000000000000000,America/Lima
622,1069.000000000000000,America/Lima
623,1134.000000000000000,America/Lima
624,1135.000000000000000,America/Lima
625,1138.000000000000000,America/Lima
626,1140.000000000000000,America/Lima
627,1251.000000000000000,America/Lima
628,1289.000000000000000,America/Lima
629,238.000000000000000,Asia/Aden
630,704.000000000000000,Asia/Aden
631,58.000000000000000,Asia/Bishkek
632,125.000000000000000,Asia/Bishkek
633,283.000000000000000,Asia/Bishkek
634,499.000000000000000,Asia/Bishkek
635,923.000000000000000,Asia/Bishkek
636,1317.000000000000000,Asia/Bishkek
637,282.000000000000000,America/Santo_Domingo
638,404.000000000000000,America/Santo_Domingo
639,745.000000000000000,America/Santo_Domingo
640,1193.000000000000000,America/Santo_Domingo
641,746.000000000000000,America/Santo_Domingo
642,496.000000000000000,Europe/Moscow
643,497.000000000000000,Europe/Moscow
644,846.000000000000000,Europe/Moscow
645,1066.000000000000000,Europe/Moscow
646,560.000000000000000,Pacific/Honolulu
647,843.000000000000000,Pacific/Honolulu
648,14.000000000000000,Asia/Tashkent
649,920.000000000000000,Asia/Tashkent
650,63.000000000000000,Atlantic/Reykjavik
651,563.000000000000000,Atlantic/Reykjavik
652,1090.000000000000000,Pacific/Efate
653,519.000000000000000,Pacific/Efate
654,82.000000000000000,America/El_Salvador
655,700.000000000000000,America/El_Salvador
656,788.000000000000000,America/El_Salvador
657,903.000000000000000,America/El_Salvador
658,1123.000000000000000,America/El_Salvador
659,1125.000000000000000,America/El_Salvador
660,1126.000000000000000,America/El_Salvador
661,136.000000000000000,America/Managua
662,176.000000000000000,America/Managua
663,188.000000000000000,America/Managua
664,526.000000000000000,America/Managua
665,925.000000000000000,America/Managua
666,956.000000000000000,America/Managua
667,1110.000000000000000,America/Managua
668,237.000000000000000,Europe/Bucharest
669,602.000000000000000,Europe/Bucharest
670,786.000000000000000,Europe/Bucharest
671,869.000000000000000,Europe/Bucharest
672,906.000000000000000,Europe/Bucharest
673,201.000000000000000,Asia/Kathmandu
674,440.000000000000000,Asia/Kathmandu
675,658.000000000000000,Asia/Kathmandu
676,826.000000000000000,Asia/Kathmandu
677,1337.000000000000000,Asia/Kathmandu
678,387.000000000000000,America/Denver
679,982.000000000000000,America/Denver
680,1234.000000000000000,America/Guadeloupe
681,621.000000000000000,Europe/Rome
682,41.000000000000000,Europe/Rome
683,885.000000000000000,Europe/Rome
684,1162.000000000000000,Europe/Rome
685,27.000000000000000,Europe/Rome
686,79.000000000000000,Europe/Rome
687,101.000000000000000,Europe/Rome
688,163.000000000000000,Europe/Rome
689,164.000000000000000,Europe/Rome
690,574.000000000000000,Europe/Rome
691,590.000000000000000,Europe/Rome
692,591.000000000000000,Europe/Rome
693,592.000000000000000,Europe/Rome
694,618.000000000000000,Europe/Rome
695,641.000000000000000,Europe/Rome
696,670.000000000000000,Europe/Rome
697,740.000000000000000,Europe/Rome
698,741.000000000000000,Europe/Rome
699,802.000000000000000,Europe/Rome
700,866.000000000000000,Europe/Rome
701,867.000000000000000,Europe/Rome
702,1035.000000000000000,Europe/Rome
703,1045.000000000000000,Europe/Rome
704,1058.000000000000000,Europe/Rome
705,1167.000000000000000,Europe/Rome
706,1321.000000000000000,Europe/Rome
707,105.000000000000000,Asia/Manila
708,346.000000000000000,Asia/Manila
709,587.000000000000000,Asia/Manila
710,89.000000000000000,Asia/Manila
711,94.000000000000000,Asia/Manila
712,123.000000000000000,Asia/Manila
713,151.000000000000000,Asia/Manila
714,586.000000000000000,Asia/Manila
715,757.000000000000000,Asia/Manila
716,803.000000000000000,Asia/Manila
717,804.000000000000000,Asia/Manila
718,857.000000000000000,Asia/Manila
719,862.000000000000000,Asia/Manila
720,1149.000000000000000,Asia/Manila
721,1241.000000000000000,Asia/Manila
722,859.000000000000000,Asia/Manila
723,1295.000000000000000,Asia/Manila
724,1092.000000000000000,Asia/Manila
725,978.000000000000000,Asia/Manila
726,529.000000000000000,Asia/Manila
727,493.000000000000000,Asia/Manila
728,820.000000000000000,Asia/Manila
729,38.000000000000000,Asia/Manila
730,220.000000000000000,Asia/Manila
731,314.000000000000000,Asia/Manila
732,343.000000000000000,Asia/Manila
733,469.000000000000000,Asia/Manila
734,495.000000000000000,Asia/Manila
735,603.000000000000000,Asia/Manila
736,723.000000000000000,Asia/Manila
737,762.000000000000000,Asia/Manila
738,806.000000000000000,Asia/Manila
739,877.000000000000000,Asia/Manila
740,902.000000000000000,Asia/Manila
741,558.000000000000000,Asia/Manila
742,1201.000000000000000,Asia/Manila
743,55.000000000000000,Asia/Tokyo
744,290.000000000000000,Asia/Tokyo
745,382.000000000000000,Asia/Tokyo
746,436.000000000000000,Asia/Tokyo
747,293.000000000000000,Asia/Manila
748,871.000000000000000,Asia/Manila
749,376.000000000000000,Asia/Tokyo
750,61.000000000000000,Asia/Tokyo
751,738.000000000000000,Asia/Tokyo
752,953.000000000000000,Asia/Tokyo
753,464.000000000000000,Asia/Tokyo
754,622.000000000000000,Asia/Tokyo
755,623.000000000000000,Asia/Tokyo
756,1334.000000000000000,Asia/Tokyo
757,420.000000000000000,Asia/Tokyo
758,716.000000000000000,Asia/Tokyo
759,80.000000000000000,Asia/Tokyo
760,236.000000000000000,Asia/Tokyo
761,271.000000000000000,Asia/Tokyo
762,325.000000000000000,Asia/Tokyo
763,465.000000000000000,Asia/Tokyo
764,492.000000000000000,Asia/Tokyo
765,937.000000000000000,Asia/Tokyo
766,938.000000000000000,Asia/Tokyo
767,947.000000000000000,Asia/Tokyo
768,979.000000000000000,Asia/Tokyo
769,1194.000000000000000,Asia/Tokyo
770,616.000000000000000,Asia/Tokyo
771,1244.000000000000000,Asia/Tokyo
772,287.000000000000000,Asia/Tokyo
773,52.000000000000000,Asia/Tokyo
774,72.000000000000000,Asia/Tokyo
775,110.000000000000000,Asia/Tokyo
776,111.000000000000000,Asia/Tokyo
777,183.000000000000000,Asia/Tokyo
778,247.000000000000000,Asia/Tokyo
779,399.000000000000000,Asia/Tokyo
780,800.000000000000000,Asia/Tokyo
781,1109.000000000000000,Asia/Tokyo
782,980.000000000000000,Asia/Tokyo
783,26.000000000000000,Asia/Tokyo
784,1129.000000000000000,Asia/Tokyo
785,0.000000000000000,Asia/Tokyo
786,5.000000000000000,Asia/Tokyo
787,7.000000000000000,Asia/Tokyo
788,50.000000000000000,Asia/Tokyo
789,73.000000000000000,Asia/Tokyo
790,106.000000000000000,Asia/Tokyo
791,116.000000000000000,Asia/Tokyo
792,121.000000000000000,Asia/Tokyo
793,128.000000000000000,Asia/Tokyo
794,137.000000000000000,Asia/Tokyo
795,166.000000000000000,Asia/Tokyo
796,171.000000000000000,Asia/Tokyo
797,181.000000000000000,Asia/Tokyo
798,194.000000000000000,Asia/Tokyo
799,210.000000000000000,Asia/Tokyo
800,224.000000000000000,Asia/Tokyo
801,227.000000000000000,Asia/Tokyo
802,261.000000000000000,Asia/Tokyo
803,269.000000000000000,Asia/Tokyo
804,270.000000000000000,Asia/Tokyo
805,297.000000000000000,Asia/Tokyo
806,299.000000000000000,Asia/Tokyo
807,327.000000000000000,Asia/Tokyo
808,362.000000000000000,Asia/Tokyo
809,402.000000000000000,Asia/Tokyo
810,428.000000000000000,Asia/Tokyo
811,485.000000000000000,Asia/Tokyo
812,540.000000000000000,Asia/Tokyo
813,544.000000000000000,Asia/Tokyo
814,663.000000000000000,Asia/Tokyo
815,664.000000000000000,Asia/Tokyo
816,709.000000000000000,Asia/Tokyo
817,722.000000000000000,Asia/Tokyo
818,747.000000000000000,Asia/Tokyo
819,816.000000000000000,Asia/Tokyo
820,834.000000000000000,Asia/Tokyo
821,1231.000000000000000,Asia/Tokyo
822,1282.000000000000000,Asia/Tokyo
823,1286.000000000000000,Asia/Tokyo
824,1312.000000000000000,Asia/Tokyo
825,1336.000000000000000,Asia/Tokyo
826,535.000000000000000,Atlantic/Azores
827,1051.000000000000000,Atlantic/Azores
828,652.000000000000000,Atlantic/Azores
829,900.000000000000000,Asia/Kuching
830,1305.000000000000000,Africa/Kigali
831,1195.000000000000000,Asia/Barnaul
832,49.000000000000000,Europe/Paris
833,178.000000000000000,Europe/London
834,182.000000000000000,Pacific/Guadalcanal
835,823.000000000000000,Pacific/Guadalcanal
836,226.000000000000000,Pacific/Guadalcanal
837,607.000000000000000,Pacific/Guadalcanal
838,1283.000000000000000,Pacific/Guadalcanal
839,53.000000000000000,Asia/Shanghai
840,88.000000000000000,Asia/Shanghai
841,92.000000000000000,Asia/Shanghai
842,186.000000000000000,Asia/Shanghai
843,219.000000000000000,Asia/Shanghai
844,274.000000000000000,Asia/Shanghai
845,435.000000000000000,Asia/Shanghai
846,438.000000000000000,Asia/Shanghai
847,450.000000000000000,Asia/Shanghai
848,483.000000000000000,Asia/Shanghai
849,539.000000000000000,Asia/Shanghai
850,549.000000000000000,Asia/Shanghai
851,583.000000000000000,Asia/Shanghai
852,584.000000000000000,Asia/Shanghai
853,639.000000000000000,Asia/Shanghai
854,728.000000000000000,Asia/Shanghai
855,743.000000000000000,Asia/Shanghai
856,851.000000000000000,Asia/Shanghai
857,852.000000000000000,Asia/Shanghai
858,892.000000000000000,Asia/Shanghai
859,1040.000000000000000,Asia/Shanghai
860,1192.000000000000000,Asia/Shanghai
861,1257.000000000000000,Asia/Shanghai
862,848.000000000000000,Africa/Djibouti
863,364.000000000000000,Africa/Tunis
864,949.000000000000000,Africa/Khartoum
865,1298.000000000000000,America/Martinique
866,1032.000000000000000,Europe/Madrid
867,175.000000000000000,Europe/Skopje
868,4.000000000000000,Europe/Sofia
869,68.000000000000000,Europe/Sofia
870,146.000000000000000,Europe/Sofia
871,147.000000000000000,Europe/Sofia
872,790.000000000000000,Europe/Sofia
873,393.000000000000000,Africa/Casablanca
874,931.000000000000000,Africa/Casablanca
875,966.000000000000000,Africa/Casablanca
876,1212.000000000000000,Africa/Casablanca
877,1213.000000000000000,Africa/Casablanca
878,1216.000000000000000,Africa/Casablanca
879,15.000000000000000,Asia/Hebron
880,141.000000000000000,Asia/Hebron
881,264.000000000000000,America/Argentina/San_Juan
882,326.000000000000000,America/Argentina/San_Juan
883,613.000000000000000,America/Argentina/San_Juan
884,57.000000000000000,Asia/Almaty
885,872.000000000000000,Asia/Almaty
886,1183.000000000000000,Asia/Almaty
887,1202.000000000000000,Asia/Almaty
888,489.000000000000000,Europe/Sarajevo
889,490.000000000000000,Europe/Sarajevo
890,742.000000000000000,Europe/Sarajevo
891,400.000000000000000,Africa/Addis_Ababa
892,481.000000000000000,Africa/Addis_Ababa
893,397.000000000000000,Africa/Lubumbashi
894,437.000000000000000,Africa/Lubumbashi
895,927.000000000000000,Africa/Lubumbashi
896,1143.000000000000000,Africa/Lubumbashi
897,1166.000000000000000,Africa/Lubumbashi
898,1303.000000000000000,Africa/Lubumbashi
899,1263.000000000000000,Africa/Maputo
900,358.000000000000000,Asia/Kabul
901,524.000000000000000,Asia/Kabul
902,568.000000000000000,Asia/Kabul
903,619.000000000000000,Asia/Kabul
904,685.000000000000000,Asia/Kabul
905,705.000000000000000,Asia/Kabul
906,733.000000000000000,Asia/Kabul
907,736.000000000000000,Asia/Kabul
908,737.000000000000000,Asia/Kabul
909,764.000000000000000,Asia/Kabul
910,876.000000000000000,Asia/Kabul
911,882.000000000000000,Asia/Kabul
912,890.000000000000000,Asia/Kabul
913,965.000000000000000,Asia/Kabul
914,1030.000000000000000,Asia/Kabul
915,1042.000000000000000,Asia/Kabul
916,1043.000000000000000,Asia/Kabul
917,1049.000000000000000,Asia/Kabul
918,1063.000000000000000,Asia/Kabul
919,1065.000000000000000,Asia/Kabul
920,1112.000000000000000,Asia/Kabul
921,1148.000000000000000,Asia/Kabul
922,1150.000000000000000,Asia/Kabul
923,1151.000000000000000,Asia/Kabul
924,1154.000000000000000,Asia/Kabul
925,1179.000000000000000,Asia/Kabul
926,1218.000000000000000,Asia/Kabul
927,1225.000000000000000,Asia/Kabul
928,1260.000000000000000,Asia/Kabul
929,357.000000000000000,Asia/Damascus
930,378.000000000000000,America/Juneau
931,112.000000000000000,Asia/Kamchatka
932,114.000000000000000,Asia/Kamchatka
933,332.000000000000000,Asia/Kamchatka
934,383.000000000000000,Asia/Kamchatka
935,29.000000000000000,America/Guayaquil
936,122.000000000000000,America/Guayaquil
937,251.000000000000000,America/Guayaquil
938,310.000000000000000,America/Guayaquil
939,374.000000000000000,America/Guayaquil
940,377.000000000000000,America/Guayaquil
941,515.000000000000000,America/Guayaquil
942,572.000000000000000,America/Guayaquil
943,593.000000000000000,America/Guayaquil
944,660.000000000000000,America/Guayaquil
945,797.000000000000000,America/Guayaquil
946,798.000000000000000,America/Guayaquil
947,810.000000000000000,America/Guayaquil
948,878.000000000000000,America/Guayaquil
949,987.000000000000000,America/Guayaquil
950,999.000000000000000,America/Guayaquil
951,1011.000000000000000,America/Guayaquil
952,1056.000000000000000,America/Guayaquil
953,1114.000000000000000,America/Guayaquil
954,416.000000000000000,America/Anchorage
955,56.000000000000000,Africa/Algiers
956,276.000000000000000,Africa/Algiers
957,345.000000000000000,Africa/Algiers
958,392.000000000000000,Africa/Algiers
959,536.000000000000000,Africa/Algiers
960,665.000000000000000,Africa/Algiers
961,666.000000000000000,Africa/Algiers
962,702.000000000000000,Africa/Algiers
963,771.000000000000000,Africa/Algiers
964,853.000000000000000,Africa/Algiers
965,854.000000000000000,Africa/Algiers
966,973.000000000000000,Africa/Algiers
967,1095.000000000000000,Africa/Algiers
968,1117.000000000000000,Africa/Algiers
969,1182.000000000000000,Africa/Algiers
970,1185.000000000000000,Africa/Algiers
971,1266.000000000000000,Africa/Algiers
972,1310.000000000000000,Africa/Algiers
973,6.000000000000000,Pacific/Auckland
974,156.000000000000000,Pacific/Auckland
975,466.000000000000000,Pacific/Auckland
976,173.000000000000000,Pacific/Auckland
977,795.000000000000000,Pacific/Auckland
978,1224.000000000000000,Pacific/Auckland
979,1300.000000000000000,Pacific/Auckland
980,918.000000000000000,Europe/Amsterdam
981,243.000000000000000,Asia/Kolkata
982,1164.000000000000000,Asia/Kolkata
983,24.000000000000000,Asia/Kolkata
984,361.000000000000000,Asia/Kolkata
985,442.000000000000000,Asia/Kolkata
986,460.000000000000000,Asia/Kolkata
987,556.000000000000000,Asia/Kolkata
988,661.000000000000000,Asia/Kolkata
989,662.000000000000000,Asia/Kolkata
990,669.000000000000000,Asia/Kolkata
991,751.000000000000000,Asia/Kolkata
992,776.000000000000000,Asia/Kolkata
993,910.000000000000000,Asia/Kolkata
994,952.000000000000000,Asia/Kolkata
995,1031.000000000000000,Asia/Kolkata
996,1039.000000000000000,Asia/Kolkata
997,1068.000000000000000,Asia/Kolkata
998,1124.000000000000000,Asia/Kolkata
999,1261.000000000000000,Asia/Kolkata
1000,1262.000000000000000,Asia/Kolkata
1001,1294.000000000000000,Asia/Kolkata
1002,609.000000000000000,Asia/Makassar
1003,610.000000000000000,Asia/Makassar
1004,706.000000000000000,Asia/Makassar
1005,611.000000000000000,Asia/Makassar
1006,905.000000000000000,Asia/Makassar
1007,989.000000000000000,Asia/Makassar
1008,1232.000000000000000,Asia/Makassar
1009,933.000000000000000,Asia/Makassar
1010,990.000000000000000,Asia/Makassar
1011,1178.000000000000000,Asia/Makassar
1012,1277.000000000000000,Asia/Makassar
1013,1297.000000000000000,Asia/Makassar
1014,581.000000000000000,Asia/Makassar
1015,637.000000000000000,Asia/Makassar
1016,642.000000000000000,Asia/Makassar
1017,651.000000000000000,Asia/Makassar
1018,1206.000000000000000,Asia/Makassar
1019,1230.000000000000000,Asia/Makassar
1020,815.000000000000000,Asia/Makassar
1021,67.000000000000000,Asia/Makassar
1022,1100.000000000000000,Asia/Makassar
1023,223.000000000000000,Asia/Makassar
1024,414.000000000000000,Asia/Makassar
1025,471.000000000000000,Asia/Makassar
1026,478.000000000000000,Asia/Makassar
1027,725.000000000000000,Asia/Makassar
1028,734.000000000000000,Asia/Makassar
1029,863.000000000000000,Asia/Makassar
1030,1006.000000000000000,Asia/Makassar
1031,1036.000000000000000,Asia/Makassar
1032,1238.000000000000000,Asia/Makassar
1033,10.000000000000000,America/Guatemala
1034,252.000000000000000,America/Guatemala
1035,517.000000000000000,America/Guatemala
1036,564.000000000000000,America/Guatemala
1037,565.000000000000000,America/Guatemala
1038,567.000000000000000,America/Guatemala
1039,617.000000000000000,America/Guatemala
1040,643.000000000000000,America/Guatemala
1041,659.000000000000000,America/Guatemala
1042,829.000000000000000,America/Guatemala
1043,909.000000000000000,America/Guatemala
1044,1004.000000000000000,America/Guatemala
1045,1074.000000000000000,America/Guatemala
1046,1173.000000000000000,America/Guatemala
1047,96.000000000000000,America/Puerto_Rico
1048,1116.000000000000000,America/Bogota
1049,91.000000000000000,America/Bogota
1050,120.000000000000000,America/Bogota
1051,211.000000000000000,America/Bogota
1052,403.000000000000000,America/Bogota
1053,407.000000000000000,America/Bogota
1054,448.000000000000000,America/Bogota
1055,455.000000000000000,America/Bogota
1056,501.000000000000000,America/Bogota
1057,531.000000000000000,America/Bogota
1058,612.000000000000000,America/Bogota
1059,647.000000000000000,America/Bogota
1060,649.000000000000000,America/Bogota
1061,691.000000000000000,America/Bogota
1062,711.000000000000000,America/Bogota
1063,911.000000000000000,America/Bogota
1064,929.000000000000000,America/Bogota
1065,948.000000000000000,America/Bogota
1066,969.000000000000000,America/Bogota
1067,981.000000000000000,America/Bogota
1068,983.000000000000000,America/Bogota
1069,1064.000000000000000,America/Bogota
1070,1308.000000000000000,America/Bogota
1071,353.000000000000000,America/Costa_Rica
1072,530.000000000000000,America/Costa_Rica
1073,712.000000000000000,America/Costa_Rica
1074,717.000000000000000,America/Costa_Rica
1075,888.000000000000000,America/Costa_Rica
1076,895.000000000000000,America/Costa_Rica
1077,916.000000000000000,America/Costa_Rica
1078,946.000000000000000,America/Costa_Rica
1079,1233.000000000000000,America/Costa_Rica
1080,1320.000000000000000,America/Costa_Rica
1081,2.000000000000000,America/Caracas
1082,152.000000000000000,America/Caracas
1083,185.000000000000000,America/Caracas
1084,317.000000000000000,America/Caracas
1085,456.000000000000000,America/Caracas
1086,475.000000000000000,America/Caracas
1087,542.000000000000000,America/Caracas
1088,553.000000000000000,America/Caracas
1089,781.000000000000000,America/Caracas
1090,784.000000000000000,America/Caracas
1091,1033.000000000000000,America/Caracas
1092,1276.000000000000000,America/Caracas
1093,184.000000000000000,America/Havana
1094,566.000000000000000,America/Havana
1095,655.000000000000000,America/Hermosillo
1096,484.000000000000000,Asia/Chongqing
1097,3.000000000000000,Asia/Chongqing
1098,22.000000000000000,Asia/Chongqing
1099,47.000000000000000,Asia/Chongqing
1100,71.000000000000000,Asia/Chongqing
1101,90.000000000000000,Asia/Chongqing
1102,102.000000000000000,Asia/Chongqing
1103,113.000000000000000,Asia/Chongqing
1104,127.000000000000000,Asia/Chongqing
1105,140.000000000000000,Asia/Chongqing
1106,162.000000000000000,Asia/Chongqing
1107,193.000000000000000,Asia/Chongqing
1108,198.000000000000000,Asia/Chongqing
1109,200.000000000000000,Asia/Chongqing
1110,207.000000000000000,Asia/Chongqing
1111,212.000000000000000,Asia/Chongqing
1112,213.000000000000000,Asia/Chongqing
1113,214.000000000000000,Asia/Chongqing
1114,215.000000000000000,Asia/Chongqing
1115,216.000000000000000,Asia/Chongqing
1116,229.000000000000000,Asia/Chongqing
1117,231.000000000000000,Asia/Chongqing
1118,235.000000000000000,Asia/Chongqing
1119,242.000000000000000,Asia/Chongqing
1120,245.000000000000000,Asia/Chongqing
1121,250.000000000000000,Asia/Chongqing
1122,288.000000000000000,Asia/Chongqing
1123,295.000000000000000,Asia/Chongqing
1124,298.000000000000000,Asia/Chongqing
1125,303.000000000000000,Asia/Chongqing
1126,341.000000000000000,Asia/Chongqing
1127,347.000000000000000,Asia/Chongqing
1128,354.000000000000000,Asia/Chongqing
1129,375.000000000000000,Asia/Chongqing
1130,434.000000000000000,Asia/Chongqing
1131,444.000000000000000,Asia/Chongqing
1132,457.000000000000000,Asia/Chongqing
1133,491.000000000000000,Asia/Chongqing
1134,508.000000000000000,Asia/Chongqing
1135,516.000000000000000,Asia/Chongqing
1136,528.000000000000000,Asia/Chongqing
1137,532.000000000000000,Asia/Chongqing
1138,541.000000000000000,Asia/Chongqing
1139,571.000000000000000,Asia/Chongqing
1140,577.000000000000000,Asia/Chongqing
1141,578.000000000000000,Asia/Chongqing
1142,582.000000000000000,Asia/Chongqing
1143,585.000000000000000,Asia/Chongqing
1144,589.000000000000000,Asia/Chongqing
1145,595.000000000000000,Asia/Chongqing
1146,600.000000000000000,Asia/Chongqing
1147,635.000000000000000,Asia/Chongqing
1148,675.000000000000000,Asia/Chongqing
1149,699.000000000000000,Asia/Chongqing
1150,761.000000000000000,Asia/Chongqing
1151,785.000000000000000,Asia/Chongqing
1152,830.000000000000000,Asia/Chongqing
1153,831.000000000000000,Asia/Chongqing
1154,838.000000000000000,Asia/Chongqing
1155,840.000000000000000,Asia/Chongqing
1156,844.000000000000000,Asia/Chongqing
1157,849.000000000000000,Asia/Chongqing
1158,855.000000000000000,Asia/Chongqing
1159,864.000000000000000,Asia/Chongqing
1160,865.000000000000000,Asia/Chongqing
1161,881.000000000000000,Asia/Chongqing
1162,995.000000000000000,Asia/Chongqing
1163,1002.000000000000000,Asia/Chongqing
1164,1007.000000000000000,Asia/Chongqing
1165,1013.000000000000000,Asia/Chongqing
1166,1015.000000000000000,Asia/Chongqing
1167,1061.000000000000000,Asia/Chongqing
1168,1096.000000000000000,Asia/Chongqing
1169,1097.000000000000000,Asia/Chongqing
1170,1127.000000000000000,Asia/Chongqing
1171,1130.000000000000000,Asia/Chongqing
1172,1131.000000000000000,Asia/Chongqing
1173,1139.000000000000000,Asia/Chongqing
1174,1172.000000000000000,Asia/Chongqing
1175,1188.000000000000000,Asia/Chongqing
1176,1196.000000000000000,Asia/Chongqing
1177,1197.000000000000000,Asia/Chongqing
1178,1198.000000000000000,Asia/Chongqing
1179,1199.000000000000000,Asia/Chongqing
1180,1200.000000000000000,Asia/Chongqing
1181,1227.000000000000000,Asia/Chongqing
1182,1273.000000000000000,Asia/Chongqing
1183,1285.000000000000000,Asia/Chongqing
1184,1307.000000000000000,Asia/Chongqing
1185,1309.000000000000000,Asia/Chongqing
1186,1315.000000000000000,Asia/Chongqing
1187,1316.000000000000000,Asia/Chongqing
1188,34.000000000000000,Asia/Urumqi
1189,77.000000000000000,Asia/Urumqi
1190,83.000000000000000,Asia/Urumqi
1191,124.000000000000000,Asia/Urumqi
1192,179.000000000000000,Asia/Urumqi
1193,266.000000000000000,Asia/Urumqi
1194,305.000000000000000,Asia/Urumqi
1195,318.000000000000000,Asia/Urumqi
1196,329.000000000000000,Asia/Urumqi
1197,432.000000000000000,Asia/Urumqi
1198,506.000000000000000,Asia/Urumqi
1199,601.000000000000000,Asia/Urumqi
1200,940.000000000000000,Asia/Urumqi
1201,942.000000000000000,Asia/Urumqi
1202,304.000000000000000,America/Mazatlan
1203,1265.000000000000000,Asia/Jayapura
1204,1062.000000000000000,Asia/Jayapura
1205,187.000000000000000,Asia/Jayapura
1206,1280.000000000000000,Asia/Jayapura
1207,1184.000000000000000,Asia/Jayapura
1208,75.000000000000000,Asia/Jayapura
1209,579.000000000000000,Asia/Jayapura
1210,594.000000000000000,Asia/Jayapura
1211,674.000000000000000,Asia/Jayapura
1212,767.000000000000000,Asia/Jayapura
1213,845.000000000000000,Asia/Jayapura
1214,1005.000000000000000,Asia/Jayapura
1215,1207.000000000000000,Asia/Jayapura
1216,1235.000000000000000,Asia/Jayapura
1217,1236.000000000000000,Asia/Jayapura
1218,423.000000000000000,Asia/Jayapura
1219,1165.000000000000000,Asia/Jayapura
1220,640.000000000000000,Asia/Jayapura
1221,1008.000000000000000,Asia/Jayapura
1222,977.000000000000000,Asia/Jayapura
1223,959.000000000000000,Asia/Jayapura
1224,976.000000000000000,Asia/Ust-Nera
1225,95.000000000000000,Asia/Ust-Nera
1226,701.000000000000000,America/Tegucigalpa